frame_idx,t_capture_ms,t_yolo_ms,t_vo_ms,t_gt_ms,t_control_show_ms,t_total_ms,fps
"[0, 0.8339881896972656, 2360.4495525360107, 90.56282043457031, 2.046823501586914, 94.30193901062012, 2457.632303237915, 0.40689569333968567]"
"[1, 3.2052993774414062, 1379.5349597930908, 93.37496757507324, 2.01416015625, 153.4566879272461, 1538.2111072540283, 0.6501058244113008]"
"[2, 1.5833377838134766, 1243.593692779541, 54.70538139343262, 2.000093460083008, 57.40618705749512, 1304.5833110809326, 0.7665282788045438]"
"[3, 0.9372234344482422, 1249.112606048584, 115.65232276916504, 2.0139217376708984, 118.2851791381836, 1370.3489303588867, 0.7297411468319281]"
"[4, 0.9291172027587891, 1308.3300590515137, 58.68029594421387, 1.8837451934814453, 61.44070625305176, 1372.5836277008057, 0.7285530584938457]"
"[5, 0.8869171142578125, 1260.727882385254, 58.629751205444336, 1.886129379272461, 61.27500534057617, 1324.7759342193604, 0.7548446300764526]"
"[6, 0.7753372192382812, 1427.452802658081, 57.5108528137207, 1.886129379272461, 174.393892288208, 1604.5081615447998, 0.6232439472524794]"
"[7, 0.8087158203125, 1235.393762588501, 67.80266761779785, 1.8873214721679688, 191.21146202087402, 1429.3012619018555, 0.6996425642760442]"
"[8, 0.7481575012207031, 1147.1607685089111, 57.488441467285156, 1.8711090087890625, 60.11629104614258, 1209.8963260650635, 0.8265170977519143]"
"[9, 0.8065700531005859, 1294.694423675537, 110.37707328796387, 2.0151138305664062, 228.87706756591797, 1526.393175125122, 0.655139197617303]"
"[10, 1.1680126190185547, 1197.8390216827393, 63.32850456237793, 1.8663406372070312, 219.47932243347168, 1420.3526973724365, 0.7040504811586146]"
"[11, 0.7240772247314453, 1215.6310081481934, 102.25319862365723, 1.981973648071289, 104.87079620361328, 1323.2078552246094, 0.7557391652804645]"
"[12, 0.7581710815429688, 1255.4969787597656, 62.41321563720703, 1.8701553344726562, 162.7519130706787, 1420.87721824646, 0.7037905789172445]"
"[13, 0.7781982421875, 1254.6906471252441, 69.81158256530762, 1.8739700317382812, 203.79257202148438, 1461.1353874206543, 0.6843992751180316]"
"[14, 0.8091926574707031, 1259.0742111206055, 69.58460807800293, 1.8661022186279297, 210.0355625152588, 1471.785068511963, 0.6794470343492766]"
"[15, 0.75531005859375, 1328.6406993865967, 64.76330757141113, 1.8641948699951172, 171.1878776550293, 1502.4480819702148, 0.6655804030769993]"
"[16, 0.8304119110107422, 1212.538480758667, 52.196502685546875, 1.870870590209961, 54.68606948852539, 1269.925832748413, 0.787447561276684]"
"[17, 0.7233619689941406, 1332.9033851623535, 65.37938117980957, 1.8651485443115234, 222.77164459228516, 1558.2635402679443, 0.641739971550672]"
"[18, 0.7565021514892578, 1305.6972026824951, 67.5663948059082, 1.8794536590576172, 200.12879371643066, 1508.4619522094727, 0.6629268961907068]"
"[19, 0.8077621459960938, 1325.1936435699463, 70.47486305236816, 1.8737316131591797, 210.28542518615723, 1538.1605625152588, 0.6501271872194941]"
"[20, 0.7231235504150391, 1327.0277976989746, 128.68714332580566, 1.901388168334961, 131.33001327514648, 1460.982322692871, 0.6844709785104093]"
"[21, 0.9737014770507812, 1288.2215976715088, 89.42770957946777, 1.8830299377441406, 330.5175304412842, 1621.595859527588, 0.6166764635741765]"
"[22, 0.8389949798583984, 1213.1025791168213, 87.64386177062988, 1.8625259399414062, 320.13893127441406, 1535.9430313110352, 0.6510658140402706]"
"[23, 0.7598400115966797, 1155.7846069335938, 147.53484725952148, 1.8625259399414062, 150.01344680786133, 1308.4204196929932, 0.7642803375345054]"
"[24, 0.8001327514648438, 1313.0168914794922, 83.61625671386719, 1.8723011016845703, 86.11392974853516, 1401.8032550811768, 0.7133668696910618]"
"[25, 0.7560253143310547, 1331.9427967071533, 80.46603202819824, 1.8792152404785156, 260.2105140686035, 1594.7885513305664, 0.627042374467561]"
"[26, 0.7932186126708984, 1245.0532913208008, 77.84485816955566, 1.964569091796875, 250.94842910766602, 1498.7595081329346, 0.667218452709428]"
"[27, 0.7762908935546875, 1263.7598514556885, 95.27993202209473, 1.9993782043457031, 97.78380393981934, 1364.3193244934082, 0.7329662360175941]"
"[28, 0.8025169372558594, 1269.0787315368652, 70.25742530822754, 1.8737316131591797, 72.74293899536133, 1344.4979190826416, 0.7437720697123172]"
"[29, 0.759124755859375, 1298.6440658569336, 69.20933723449707, 1.8742084503173828, 71.69842720031738, 1372.9758262634277, 0.7283449430581116]"
"[30, 0.7526874542236328, 1253.6804676055908, 68.9849853515625, 1.870870590209961, 71.47932052612305, 1327.7833461761475, 0.7531349168370555]"
"[31, 0.7622241973876953, 1331.1517238616943, 68.98093223571777, 1.8606185913085938, 71.47431373596191, 1405.2488803863525, 0.7116177169449619]"
"[32, 0.8420944213867188, 1291.5775775909424, 68.45331192016602, 1.8768310546875, 70.91832160949707, 1365.2148246765137, 0.7324854535160421]"
"[33, 1.4395713806152344, 1193.6242580413818, 118.10684204101562, 1.9757747650146484, 120.59497833251953, 1317.6345825195312, 0.7589357575055731]"
"[34, 0.7383823394775391, 1280.0099849700928, 117.49887466430664, 1.972198486328125, 119.97318267822266, 1402.693748474121, 0.7129139921581745]"
"[35, 0.7410049438476562, 1273.5137939453125, 87.51916885375977, 1.9750595092773438, 90.01588821411133, 1366.2457466125488, 0.7319327452468829]"
"[36, 0.8177757263183594, 1227.522611618042, 69.2300796508789, 1.8644332885742188, 71.73037528991699, 1301.9351959228516, 0.7680873849417439]"
"[37, 0.8797645568847656, 1356.868028640747, 69.62919235229492, 1.8737316131591797, 72.11947441101074, 1431.7409992218018, 0.6984503485920518]"
"[38, 0.7486343383789062, 1217.3082828521729, 111.57512664794922, 1.9831657409667969, 114.04299736022949, 1334.083080291748, 0.7495785043472045]"
"[39, 0.7581710815429688, 1244.246244430542, 97.44453430175781, 2.0012855529785156, 99.94053840637207, 1346.9462394714355, 0.7424201283582164]"
"[40, 0.7758140563964844, 1275.9251594543457, 69.53907012939453, 1.8749237060546875, 72.01933860778809, 1350.595235824585, 0.7404142806630482]"
"[41, 0.7722377777099609, 1187.990427017212, 125.82707405090332, 2.0117759704589844, 128.29875946044922, 1319.07320022583, 0.758108041182852]"
"[42, 0.8339881896972656, 1301.8896579742432, 125.55098533630371, 1.9719600677490234, 128.0217170715332, 1432.7173233032227, 0.6979743901570445]"
"[43, 0.8502006530761719, 1294.8472499847412, 101.57895088195801, 1.8737316131591797, 104.22945022583008, 1401.8006324768066, 0.7133682043167043]"
"[44, 3.816843032836914, 1254.5440196990967, 88.66691589355469, 1.99127197265625, 91.16196632385254, 1351.5141010284424, 0.7399108890088859]"
"[45, 0.7679462432861328, 1350.7251739501953, 69.02337074279785, 1.8739700317382812, 71.51484489440918, 1424.881935119629, 0.7018125329212227]"
"[46, 0.8664131164550781, 1292.210578918457, 69.01407241821289, 1.8649101257324219, 71.48528099060059, 1366.4271831512451, 0.7318355579649746]"
"[47, 0.6844997406005859, 1182.9769611358643, 69.03243064880371, 1.874685287475586, 71.52390480041504, 1257.0600509643555, 0.7955069443443442]"
"[48, 0.8046627044677734, 1228.2702922821045, 65.70935249328613, 1.874685287475586, 68.33982467651367, 1299.2894649505615, 0.7696514340921331]"
"[49, 0.9033679962158203, 1413.0096435546875, 54.36420440673828, 1.8761157989501953, 57.016611099243164, 1472.8057384490967, 0.6789761703760242]"
"[50, 0.7960796356201172, 1249.0127086639404, 51.91850662231445, 1.8725395202636719, 54.550886154174805, 1306.232213973999, 0.7655606631822857]"
"[51, 0.7700920104980469, 1185.8701705932617, 83.7564468383789, 1.8544197082519531, 86.669921875, 1275.1646041870117, 0.7842124826210617]"
"[52, 1.252889633178711, 1237.4038696289062, 31.99911117553711, 1.8715858459472656, 34.62576866149902, 1275.1541137695312, 0.7842189341677785]"
"[53, 0.7693767547607422, 1195.9247589111328, 36.13638877868652, 1.85394287109375, 39.72792625427246, 1238.2760047912598, 0.807574398704894]"
"[54, 0.7991790771484375, 1233.055591583252, 37.23430633544922, 1.871347427368164, 39.858102798461914, 1275.5842208862305, 0.7839545077668298]"
"[55, 0.7727146148681641, 1243.8416481018066, 31.740903854370117, 1.8777847290039062, 34.51371192932129, 1281.005859375, 0.7806365542214598]"
"[56, 1.1076927185058594, 1261.2669467926025, 29.239892959594727, 1.8680095672607422, 31.82530403137207, 1296.0679531097412, 0.7715644828657588]"
"[57, 0.9992122650146484, 1247.8468418121338, 38.797855377197266, 1.8732547760009766, 41.4426326751709, 1292.1619415283203, 0.7738968064770874]"
"[58, 0.8254051208496094, 1354.9025058746338, 47.75714874267578, 1.8718242645263672, 50.40407180786133, 1408.003807067871, 0.71022535236071]"
"[59, 0.8618831634521484, 1280.6155681610107, 56.14781379699707, 1.9905567169189453, 58.78329277038574, 1342.2513008117676, 0.7450169721535895]"
"[60, 0.7719993591308594, 1239.4928932189941, 37.38212585449219, 1.867532730102539, 40.016889572143555, 1282.149314880371, 0.7799403613870849]"
"[61, 1.1668205261230469, 1336.8113040924072, 50.85277557373047, 1.8961429595947266, 53.35569381713867, 1393.2299613952637, 0.7177565999216241]"
"[62, 0.8611679077148438, 1246.4020252227783, 100.89850425720215, 1.9664764404296875, 103.39784622192383, 1352.6275157928467, 0.7393018316752539]"
"[63, 0.8416175842285156, 1252.5756359100342, 35.08639335632324, 1.8825531005859375, 37.57190704345703, 1292.8717136383057, 0.7734719457863863]"
"[64, 2.128124237060547, 1306.9019317626953, 20.31850814819336, 1.8839836120605469, 22.7968692779541, 1333.7109088897705, 0.7497876738763698]"
"[65, 0.9229183197021484, 1354.8693656921387, 21.591663360595703, 1.86920166015625, 24.056196212768555, 1381.7176818847656, 0.7237368480628588]"
"[66, 0.8640289306640625, 1265.3427124023438, 60.99295616149902, 1.9845962524414062, 63.68064880371094, 1331.8719863891602, 0.7508229095733903]"
"[67, 0.8952617645263672, 1237.8942966461182, 68.53699684143066, 1.8780231475830078, 71.12979888916016, 1311.7973804473877, 0.7623128502200169]"
"[68, 1.2803077697753906, 1251.2552738189697, 66.47419929504395, 1.9657611846923828, 69.13638114929199, 1323.6377239227295, 0.7554937290820047]"
"[69, 1.0638236999511719, 1243.492603302002, 61.6297721862793, 1.9783973693847656, 64.28074836730957, 1310.8155727386475, 0.7628838265254434]"
"[70, 1.2309551239013672, 1267.2810554504395, 102.76937484741211, 1.9729137420654297, 105.39722442626953, 1375.8821487426758, 0.7268064353577313]"
"[71, 0.8738040924072266, 1369.60768699646, 47.335147857666016, 1.8718242645263672, 49.95369911193848, 1422.307014465332, 0.7030830825058653]"
"[72, 0.8015632629394531, 1211.7831707000732, 41.04280471801758, 1.8749237060546875, 43.64895820617676, 1258.1086158752441, 0.7948439326952049]"
"[73, 0.8714199066162109, 1298.4623908996582, 55.15289306640625, 1.9834041595458984, 57.72995948791504, 1359.0471744537354, 0.7358096310394426]"
"[74, 0.6747245788574219, 1316.3089752197266, 43.282270431518555, 1.8727779388427734, 45.945167541503906, 1364.8016452789307, 0.7327072058120399]"
"[75, 1.0116100311279297, 1258.242130279541, 81.37750625610352, 1.9795894622802734, 83.98818969726562, 1345.2215194702148, 0.7433719915466618]"
"[76, 1.0404586791992188, 1261.7919445037842, 106.58979415893555, 1.8706321716308594, 109.2221736907959, 1373.9252090454102, 0.7278416564572611]"
"[77, 2.9296875, 1273.1349468231201, 88.66000175476074, 1.8711090087890625, 91.56250953674316, 1369.4982528686523, 0.730194432818973]"
"[78, 1.0638236999511719, 1221.684217453003, 39.53218460083008, 1.8699169158935547, 42.16718673706055, 1266.7851448059082, 0.7893998474012861]"
"[79, 1.2259483337402344, 1261.845588684082, 102.20217704772949, 1.9962787628173828, 104.81715202331543, 1369.884967803955, 0.7299883008447688]"
"[80, 1.1446475982666016, 1167.2439575195312, 106.23717308044434, 1.939535140991211, 108.86430740356445, 1279.1924476623535, 0.7817432019923501]"
"[81, 2.2363662719726562, 1203.8884162902832, 99.03669357299805, 1.8711090087890625, 102.16498374938965, 1310.1608753204346, 0.7632650454131623]"
"[82, 2.2575855255126953, 1293.471097946167, 94.27094459533691, 1.8630027770996094, 97.35894203186035, 1394.9506282806396, 0.7168712495814709]"
"[83, 1.1076927185058594, 1228.2612323760986, 48.54226112365723, 1.8699169158935547, 51.46169662475586, 1282.700538635254, 0.7796051922329145]"
"[84, 1.1167526245117188, 1283.257246017456, 48.18415641784668, 1.8765926361083984, 50.961971282958984, 1337.2125625610352, 0.7478242636943193]"
"[85, 1.1038780212402344, 1177.3920059204102, 47.90329933166504, 1.8744468688964844, 50.52924156188965, 1230.8995723724365, 0.8124139632875161]"
"[86, 1.149892807006836, 1241.896152496338, 49.51977729797363, 1.8723011016845703, 52.15787887573242, 1297.0762252807617, 0.7709647131829455]"
"[87, 1.0657310485839844, 1293.5309410095215, 55.25517463684082, 1.870870590209961, 57.86752700805664, 1354.335069656372, 0.7383697154454728]"
"[88, 1.1904239654541016, 1287.529468536377, 63.19928169250488, 1.983642578125, 65.83857536315918, 1356.5421104431152, 0.7371684168900215]"
"[89, 0.9510517120361328, 1303.2288551330566, 109.55452919006348, 1.9404888153076172, 112.19167709350586, 1418.3120727539062, 0.7050634477490707]"
"[90, 1.277923583984375, 1221.703052520752, 45.702457427978516, 1.859426498413086, 48.34413528442383, 1273.1845378875732, 0.7854320958524738]"
"[91, 1.1172294616699219, 1294.0468788146973, 39.55197334289551, 1.8644332885742188, 42.19985008239746, 1339.2283916473389, 0.7466986260423694]"
"[92, 1.0628700256347656, 1241.6257858276367, 43.183326721191406, 1.8601417541503906, 45.82929611206055, 1290.3780937194824, 0.7749666588941581]"
"[93, 1.0635852813720703, 1234.9295616149902, 84.31291580200195, 1.8696784973144531, 87.42356300354004, 1325.2863883972168, 0.7545538902043553]"
"[94, 1.676321029663086, 1264.5635604858398, 54.670095443725586, 1.875162124633789, 57.298898696899414, 1325.4139423370361, 0.7544812741570758]"
"[95, 1.1603832244873047, 1231.6646575927734, 47.867536544799805, 1.8758773803710938, 50.507545471191406, 1285.2084636688232, 0.7780838893212294]"
"[96, 1.1527538299560547, 1244.9753284454346, 101.53794288635254, 1.9826889038085938, 104.16316986083984, 1352.273941040039, 0.7394951345663706]"
"[97, 1.100778579711914, 1324.2974281311035, 43.27797889709473, 1.8703937530517578, 45.90177536010742, 1373.1703758239746, 0.7282417517927791]"
"[98, 1.0647773742675781, 1305.2055835723877, 46.239376068115234, 1.8668174743652344, 48.84076118469238, 1356.977939605713, 0.7369316558606418]"
"[99, 1.132965087890625, 1363.149881362915, 43.12300682067871, 1.8718242645263672, 45.75610160827637, 1411.9107723236084, 0.708260054106876]"
"[100, 1.2814998626708984, 1235.5389595031738, 44.084787368774414, 1.875162124633789, 46.70977592468262, 1285.4053974151611, 0.777964681034414]"
"[101, 1.2011528015136719, 1254.8496723175049, 47.58906364440918, 1.8737316131591797, 50.21548271179199, 1308.1400394439697, 0.764444149592007]"
"[102, 1.753091812133789, 1279.3323993682861, 27.5423526763916, 1.878499984741211, 29.990196228027344, 1312.9541873931885, 0.761641197843662]"
"[103, 0.9024143218994141, 1261.2285614013672, 22.632122039794922, 1.855611801147461, 25.105714797973633, 1289.0923023223877, 0.7757396411400733]"
"[104, 1.0068416595458984, 1295.053482055664, 27.587175369262695, 1.8656253814697266, 30.055999755859375, 1327.981948852539, 0.753022283822505]"
"[105, 1.0764598846435547, 1345.2401161193848, 29.35004234313965, 1.871347427368164, 31.868696212768555, 1380.056619644165, 0.7246079514171243]"
"[106, 1.2106895446777344, 1363.6643886566162, 37.436485290527344, 1.8541812896728516, 39.93368148803711, 1406.662940979004, 0.7109023568247442]"
"[107, 1.1646747589111328, 1284.130573272705, 93.81866455078125, 1.8725395202636719, 96.42720222473145, 1383.5949897766113, 0.7227548577358286]"
"[108, 1.0211467742919922, 1256.2828063964844, 117.7976131439209, 1.8701553344726562, 120.43952941894531, 1379.6136379241943, 0.7248406166125092]"
"[109, 1.0328292846679688, 1277.7528762817383, 60.31942367553711, 1.8582344055175781, 62.940120697021484, 1343.5840606689453, 0.744277957199134]"
"[110, 1.0333061218261719, 1297.7838516235352, 60.14299392700195, 1.8696784973144531, 62.7589225769043, 1363.44575881958, 0.7334358506976928]"
"[111, 1.6884803771972656, 1332.704782485962, 95.00813484191895, 1.9862651824951172, 97.65481948852539, 1434.0343475341797, 0.6973333670281321]"
"[112, 1.3136863708496094, 1354.804277420044, 60.74857711791992, 1.973867416381836, 63.387155532836914, 1421.4789867401123, 0.7034926364218067]"
"[113, 1.0213851928710938, 1311.3563060760498, 62.686920166015625, 1.8701553344726562, 65.31500816345215, 1379.5628547668457, 0.7248672987567543]"
"[114, 1.077413558959961, 1379.6207904815674, 121.48427963256836, 1.867532730102539, 124.11379814147949, 1506.6795349121094, 0.6637111454881041]"
"[115, 1.5413761138916016, 1238.2261753082275, 121.80352210998535, 1.8651485443115234, 124.44019317626953, 1366.0728931427002, 0.7320253589831973]"
"[116, 3.1557083129882812, 1294.264554977417, 58.9444637298584, 1.8677711486816406, 61.57207489013672, 1360.8601093292236, 0.7348293870505956]"
"[117, 1.0688304901123047, 1246.4187145233154, 59.05485153198242, 1.8796920776367188, 61.699628829956055, 1311.0668659210205, 0.7627376040027547]"
"[118, 0.8933544158935547, 1272.223711013794, 91.31693840026855, 1.9826889038085938, 93.92690658569336, 1369.0266609191895, 0.7304459646743342]"
"[119, 0.8747577667236328, 1303.9238452911377, 35.181283950805664, 1.874685287475586, 37.8108024597168, 1344.4840908050537, 0.7437797195511755]"
"[120, 1.0957717895507812, 1236.7091178894043, 22.925615310668945, 1.8799304962158203, 25.403499603271484, 1265.0883197784424, 0.7904586457450908]"
"[121, 1.230001449584961, 1288.604497909546, 51.80501937866211, 1.9638538360595703, 54.433584213256836, 1346.2319374084473, 0.7428140517339396]"
"[122, 1.1179447174072266, 1212.7690315246582, 22.305011749267578, 1.8737316131591797, 24.921655654907227, 1240.6823635101318, 0.8060080721795749]"
"[123, 1.2042522430419922, 1296.306848526001, 90.57760238647461, 1.8718242645263672, 94.04754638671875, 1393.430471420288, 0.7176533171265629]"
"[124, 1.2850761413574219, 1296.661615371704, 33.637046813964844, 1.8742084503173828, 36.119937896728516, 1335.9408378601074, 0.7485361414670031]"
"[125, 1.1515617370605469, 1258.3158016204834, 41.290283203125, 1.8641948699951172, 43.91169548034668, 1305.2432537078857, 0.7661407152722205]"
"[126, 2.2258758544921875, 1311.9070529937744, 60.32919883728027, 1.8703937530517578, 62.959909439086914, 1378.9632320404053, 0.7251824970853892]"
"[127, 1.0135173797607422, 1350.0237464904785, 118.04771423339844, 1.8610954284667969, 120.65792083740234, 1473.5562801361084, 0.6786303404086016]"
"[128, 1.6982555389404297, 1284.1925621032715, 60.15610694885254, 1.895904541015625, 62.818288803100586, 1350.6050109863281, 0.7404089218280879]"
"[129, 1.1248588562011719, 1270.6570625305176, 60.93311309814453, 1.8584728240966797, 63.56644630432129, 1337.2068405151367, 0.747827463711423]"
"[130, 1.0807514190673828, 1320.9774494171143, 58.390140533447266, 1.8572807312011719, 61.03777885437012, 1384.953260421753, 0.7220460275283767]"
"[131, 1.1043548583984375, 1381.464958190918, 58.80618095397949, 1.8668174743652344, 61.441659927368164, 1445.8777904510498, 0.6916213850190231]"
"[132, 1.0783672332763672, 1310.8999729156494, 60.102224349975586, 1.8572807312011719, 62.73818016052246, 1376.5738010406494, 0.726441255270171]"
"[133, 1.0530948638916016, 1297.0349788665771, 116.95146560668945, 1.875162124633789, 119.78530883789062, 1419.7485446929932, 0.704350079271425]"
"[134, 1.2989044189453125, 1273.2982635498047, 58.07352066040039, 1.870870590209961, 60.81128120422363, 1337.2793197631836, 0.7477869321848843]"
"[135, 1.7817020416259766, 1319.2565441131592, 99.69258308410645, 1.9688606262207031, 102.37860679626465, 1425.3857135772705, 0.7015644891587373]"
"[136, 1.0368824005126953, 1291.635274887085, 114.87460136413574, 1.8641948699951172, 117.5088882446289, 1412.0452404022217, 0.7081926069983067]"
"[137, 1.0683536529541016, 1318.357229232788, 115.17715454101562, 1.9137859344482422, 117.80214309692383, 1439.1415119171143, 0.6948586999397137]"
"[138, 1.1518001556396484, 1306.4022064208984, 56.04147911071777, 1.8715858459472656, 58.71701240539551, 1368.1426048278809, 0.7309179587502174]"
"[139, 1.0457038879394531, 1289.4818782806396, 115.39959907531738, 1.867055892944336, 118.01338195800781, 1410.4080200195312, 0.7090146863927731]"
"[140, 1.1196136474609375, 1230.6430339813232, 59.14783477783203, 1.86920166015625, 61.789512634277344, 1295.4213619232178, 0.771949598326349]"
"[141, 1.1684894561767578, 1293.384075164795, 69.12517547607422, 1.9812583923339844, 71.76971435546875, 1368.3035373687744, 0.7308319920907198]"
"[142, 1.0027885437011719, 1324.5162963867188, 60.96911430358887, 1.8646717071533203, 63.61103057861328, 1390.9947872161865, 0.7189099550842395]"
"[143, 1.0402202606201172, 1272.60160446167, 61.153411865234375, 1.8715858459472656, 63.797950744628906, 1339.3113613128662, 0.7466523684378704]"
"[144, 1.0898113250732422, 1311.5549087524414, 60.378074645996094, 1.8696784973144531, 63.03119659423828, 1377.5455951690674, 0.7259287848670222]"
"[145, 1.0020732879638672, 1313.2264614105225, 60.39690971374512, 1.8715858459472656, 63.0338191986084, 1379.133939743042, 0.7250927347827568]"
"[146, 1.1208057403564453, 1279.9317836761475, 115.3724193572998, 4.392147064208984, 118.00074577331543, 1403.4454822540283, 0.7125321308483835]"
"[147, 1.188039779663086, 1218.8427448272705, 96.76980972290039, 1.977682113647461, 99.43985939025879, 1321.4483261108398, 0.7567454437988538]"
"[148, 0.9584426879882812, 1308.1004619598389, 119.31061744689941, 1.8761157989501953, 121.95253372192383, 1432.8875541687012, 0.6978914689367627]"
"[149, 0.86212158203125, 1329.4909000396729, 59.569358825683594, 1.8639564514160156, 62.21175193786621, 1394.4287300109863, 0.7171395557750171]"
"[150, 1.2586116790771484, 1274.31321144104, 97.7170467376709, 2.009153366088867, 100.34704208374023, 1377.9280185699463, 0.7257273141436147]"
"[151, 1.0895729064941406, 1339.9267196655273, 119.9643611907959, 1.8677711486816406, 122.589111328125, 1465.4731750488281, 0.6823734593208647]"
"[152, 2.989053726196289, 1333.301067352295, 61.934709548950195, 1.8696784973144531, 64.54253196716309, 1402.7023315429688, 0.712909629871366]"
"[153, 1.0173320770263672, 1323.5173225402832, 109.43841934204102, 1.962900161743164, 112.07246780395508, 1438.5700225830078, 0.6951347409592629]"
"[154, 1.1832714080810547, 1283.419132232666, 60.6684684753418, 1.863718032836914, 63.32039833068848, 1349.7865200042725, 0.7408578950668693]"
"[155, 1.0101795196533203, 1332.9637050628662, 97.24926948547363, 1.9931793212890625, 99.98059272766113, 1435.9476566314697, 0.6964042145838788]"
"[156, 1.0557174682617188, 1325.7133960723877, 60.19091606140137, 1.8765926361083984, 62.67523765563965, 1391.3209438323975, 0.7187414265794757]"
"[157, 1.2545585632324219, 1286.0727310180664, 63.8127326965332, 1.981496810913086, 66.31088256835938, 1355.6196689605713, 0.7376700286200151]"
"[158, 2.2301673889160156, 1197.845220565796, 110.7490062713623, 1.9924640655517578, 113.24071884155273, 1315.3085708618164, 0.7602778710282257]"
"[159, 0.8955001831054688, 1278.5389423370361, 59.78202819824219, 1.8742084503173828, 62.25252151489258, 1343.5611724853516, 0.744290636317047]"
"[160, 0.7970333099365234, 1311.190128326416, 54.979801177978516, 1.8804073333740234, 57.49011039733887, 1371.3576793670654, 0.7292043607919552]"
"[161, 0.8194446563720703, 1299.2191314697266, 56.02669715881348, 1.9030570983886719, 58.707475662231445, 1360.6491088867188, 0.7349433395199139]"
"[162, 0.8323192596435547, 1343.8489437103271, 85.72006225585938, 1.9617080688476562, 88.32788467407227, 1434.9708557128906, 0.6968782648224601]"
"[163, 0.8473396301269531, 1291.8074131011963, 92.78011322021484, 1.962423324584961, 95.2768325805664, 1389.8940086364746, 0.7194793227298162]"
"[164, 1.0917186737060547, 1353.3945083618164, 61.232566833496094, 1.8725395202636719, 63.84873390197754, 1420.2075004577637, 0.7041224607514595]"
"[165, 1.1224746704101562, 1304.3324947357178, 65.1850700378418, 1.8720626831054688, 67.83843040466309, 1375.1654624938965, 0.727185220450836]"
"[166, 1.0724067687988281, 1285.2559089660645, 60.980796813964844, 1.8608570098876953, 63.64083290100098, 1351.830005645752, 0.739737981716357]"
"[167, 0.9520053863525391, 1283.8225364685059, 59.635162353515625, 1.8720626831054688, 62.10970878601074, 1348.7563133239746, 0.7414237769427201]"
"[168, 1.1878013610839844, 1299.1647720336914, 58.98571014404297, 1.8868446350097656, 61.620235443115234, 1363.8596534729004, 0.7332132726806775]"
"[169, 1.0349750518798828, 1244.2941665649414, 57.385921478271484, 1.8913745880126953, 60.03880500793457, 1307.2593212127686, 0.7649591659230103]"
"[170, 1.1126995086669922, 1327.1024227142334, 107.14101791381836, 1.9636154174804688, 109.7712516784668, 1439.9499893188477, 0.6944685630874159]"
"[171, 0.9882450103759766, 1295.7184314727783, 115.2651309967041, 1.9373893737792969, 117.94495582580566, 1416.5890216827393, 0.7059210432198034]"
"[172, 1.0716915130615234, 1291.8918132781982, 55.5264949798584, 1.8570423126220703, 58.17222595214844, 1352.9927730560303, 0.7391022479309192]"
"[173, 1.0769367218017578, 1245.129108428955, 97.82052040100098, 1.9726753234863281, 100.49271583557129, 1348.6714363098145, 0.7414704375560615]"
"[174, 1.0945796966552734, 1305.4931163787842, 109.98392105102539, 1.981973648071289, 112.62750625610352, 1421.1971759796143, 0.703632132755057]"
"[175, 1.2192726135253906, 1340.1336669921875, 93.0640697479248, 1.9075870513916016, 96.49157524108887, 1439.7521018981934, 0.6945640146533443]"
"[176, 1.140594482421875, 1300.1399040222168, 112.24484443664551, 1.8880367279052734, 115.70382118225098, 1418.872356414795, 0.7047850326204105]"
"[177, 1.1675357818603516, 1260.3564262390137, 55.95088005065918, 1.8694400787353516, 58.793067932128906, 1322.1864700317383, 0.7563229715820611]"
"[178, 1.054525375366211, 1284.2588424682617, 60.834407806396484, 1.9786357879638672, 63.46726417541504, 1350.7592678070068, 0.7403243670676614]"
"[179, 1.1813640594482422, 1271.1095809936523, 91.04800224304199, 1.997232437133789, 93.52254867553711, 1367.8107261657715, 0.7310953049792105]"
"[180, 1.0747909545898438, 1259.7267627716064, 82.74984359741211, 1.8773078918457031, 86.50016784667969, 1349.1790294647217, 0.741191478788952]"
"[181, 1.356363296508789, 1331.6020965576172, 56.71858787536621, 1.8703937530517578, 59.21220779418945, 1394.0410614013672, 0.7173389849756252]"
"[182, 1.056671142578125, 1281.9151878356934, 83.02783966064453, 1.9683837890625, 85.48331260681152, 1370.4235553741455, 0.7297014095229745]"
"[183, 0.9837150573730469, 1263.336181640625, 48.68745803833008, 1.8699169158935547, 51.34177207946777, 1317.5315856933594, 0.7589950866139908]"
"[184, 1.041412353515625, 1286.4766120910645, 102.95414924621582, 1.8744468688964844, 106.06098175048828, 1395.4534530639648, 0.7166129388295419]"
"[185, 1.2302398681640625, 1202.1598815917969, 49.602508544921875, 1.8749237060546875, 52.255868911743164, 1257.5209140777588, 0.7952154026268267]"
"[186, 1.049041748046875, 1291.3527488708496, 49.41248893737793, 1.8799304962158203, 52.069664001464844, 1346.3513851165771, 0.7427481495949978]"
"[187, 1.2574195861816406, 1364.4864559173584, 49.27682876586914, 1.8780231475830078, 51.9256591796875, 1419.5475578308105, 0.704449804787157]"
"[188, 0.9655952453613281, 1248.1131553649902, 99.08246994018555, 1.978158950805664, 101.71008110046387, 1352.766990661621, 0.7392256071468101]"
"[189, 1.0268688201904297, 1285.5117321014404, 48.75302314758301, 1.8739700317382812, 51.37133598327637, 1339.7839069366455, 0.7463890220076267]"
"[190, 1.2998580932617188, 1325.8984088897705, 87.90063858032227, 1.9888877868652344, 90.55233001708984, 1419.7394847869873, 0.7043545740013256]"
"[191, 0.8687973022460938, 1372.1466064453125, 49.93891716003418, 1.873016357421875, 52.59251594543457, 1427.480936050415, 0.7005347495335535]"
"[192, 1.2340545654296875, 1247.9939460754395, 50.14967918395996, 1.873016357421875, 52.805423736572266, 1303.9064407348633, 0.7669261909899103]"
"[193, 1.2285709381103516, 1296.0479259490967, 108.84213447570801, 1.8720626831054688, 111.47475242614746, 1410.62331199646, 0.7089064752408611]"
"[194, 0.8614063262939453, 1341.3238525390625, 50.0340461730957, 1.8706321716308594, 52.92057991027832, 1396.9764709472656, 0.7158316698934215]"
"[195, 3.5142898559570312, 1264.244556427002, 75.94609260559082, 1.9795894622802734, 78.57799530029297, 1348.3164310455322, 0.741665663174159]"
"[196, 1.2707710266113281, 1361.086368560791, 107.7277660369873, 1.931905746459961, 110.41927337646484, 1474.7083187103271, 0.6781001960269183]"
"[197, 3.056049346923828, 1293.7331199645996, 50.27627944946289, 1.8627643585205078, 52.919626235961914, 1351.5715599060059, 0.7398794334423139]"
"[198, 1.0797977447509766, 1276.6122817993164, 95.3059196472168, 1.9881725311279297, 97.94306755065918, 1377.6233196258545, 0.7258878285187476]"
"[199, 1.0454654693603516, 1236.391305923462, 79.42891120910645, 1.8701553344726562, 82.51333236694336, 1321.8202590942383, 0.7565325112245126]"
"[200, 0.8370876312255859, 1276.0694026947021, 50.02617835998535, 1.8720626831054688, 52.68049240112305, 1331.4590454101562, 0.7510557710710132]"
"[201, 0.9856224060058594, 1275.2156257629395, 83.0075740814209, 1.9826889038085938, 85.65425872802734, 1363.8381958007812, 0.7332248085432505]"
"[202, 0.8766651153564453, 1305.3817749023438, 105.70573806762695, 1.9903182983398438, 108.31999778747559, 1416.5687561035156, 0.7059311421993025]"
"[203, 1.2447834014892578, 1218.1901931762695, 44.58212852478027, 1.8739700317382812, 47.07145690917969, 1268.3804035186768, 0.7884070088325636]"
"[204, 1.0745525360107422, 1227.7050018310547, 29.645919799804688, 1.880645751953125, 32.15599060058594, 1262.8161907196045, 0.7918808828624211]"
"[205, 1.0759830474853516, 1279.857873916626, 58.454036712646484, 1.9686222076416016, 61.1112117767334, 1344.0136909484863, 0.7440400397218336]"
"[206, 1.1098384857177734, 1285.3169441223145, 54.95309829711914, 2.0074844360351562, 57.5864315032959, 1346.0206985473633, 0.7429306258657153]"
"[207, 0.8978843688964844, 1323.1027126312256, 49.932003021240234, 1.8656253814697266, 52.582740783691406, 1378.4489631652832, 0.7254530466646626]"
"[208, 1.1119842529296875, 1290.7981872558594, 49.248695373535156, 1.8646717071533203, 51.735877990722656, 1345.510721206665, 0.7432122124624855]"
"[209, 1.1241436004638672, 1294.14963722229, 108.54887962341309, 1.873016357421875, 111.18197441101074, 1408.3287715911865, 0.7100614715626095]"
"[210, 2.5870800018310547, 1273.961067199707, 75.40178298950195, 1.973867416381836, 78.08184623718262, 1356.6038608551025, 0.7371348621768437]"
"[211, 1.1112689971923828, 1242.1247959136963, 103.34324836730957, 1.867532730102539, 106.4908504486084, 1351.5944480895996, 0.7398669041689554]"
"[212, 1.1608600616455078, 1274.024486541748, 50.52947998046875, 1.873016357421875, 53.22408676147461, 1330.28244972229, 0.7517200578033335]"
"[213, 1.1017322540283203, 1284.1765880584717, 51.37205123901367, 1.9690990447998047, 54.036855697631836, 1341.2842750549316, 0.7455541070583606]"
"[214, 1.0976791381835938, 1302.8182983398438, 73.0447769165039, 1.9617080688476562, 75.69241523742676, 1381.5701007843018, 0.7238141585666275]"
"[215, 1.119375228881836, 1299.5398044586182, 104.62212562561035, 2.0096302032470703, 107.26118087768555, 1409.9299907684326, 0.7092550740444816]"
"[216, 1.2443065643310547, 1351.4857292175293, 78.9954662322998, 1.9869804382324219, 81.64310455322266, 1436.3601207733154, 0.6962042356492149]"
"[217, 1.0380744934082031, 1253.6747455596924, 94.40112113952637, 1.970052719116211, 97.06568717956543, 1353.7485599517822, 0.7386896131107374]"
"[218, 1.8219947814941406, 1307.1587085723877, 50.61817169189453, 1.8930435180664062, 53.27153205871582, 1364.145278930664, 0.7330597520990485]"
"[219, 1.2323856353759766, 1302.3414611816406, 36.36431694030762, 1.865386962890625, 38.81430625915527, 1344.2535400390625, 0.7439072840164819]"
"[220, 0.9882450103759766, 1285.8102321624756, 37.9481315612793, 1.870870590209961, 40.59195518493652, 1329.261302947998, 0.7522975338123726]"
"[221, 1.1334419250488281, 1288.0749702453613, 55.130720138549805, 1.9631385803222656, 58.55584144592285, 1349.7273921966553, 0.7408903499932081]"
"[222, 1.5802383422851562, 1298.1250286102295, 48.49553108215332, 1.8668174743652344, 51.13673210144043, 1352.7088165283203, 0.7392573980307638]"
"[223, 1.1441707611083984, 1299.558162689209, 48.101186752319336, 1.8701553344726562, 50.745487213134766, 1353.3179759979248, 0.7389246413154372]"
"[224, 1.3878345489501953, 1234.264612197876, 47.554969787597656, 1.8782615661621094, 50.185441970825195, 1287.7161502838135, 0.7765686558948565]"
"[225, 1.5175342559814453, 1267.8272724151611, 50.22597312927246, 1.9838809967041016, 52.8864860534668, 1324.2151737213135, 0.7551642813379015]"
"[226, 1.1069774627685547, 1228.736400604248, 49.45707321166992, 1.873016357421875, 52.1082878112793, 1283.8246822357178, 0.778922553707683]"
"[227, 1.0967254638671875, 1191.1828517913818, 106.47797584533691, 1.9838809967041016, 109.09771919250488, 1303.361177444458, 0.7672470358222054]"
"[228, 1.155853271484375, 1303.2174110412598, 50.19402503967285, 1.8770694732666016, 52.7036190032959, 1358.9539527893066, 0.7358601061849525]"
"[229, 0.9107589721679688, 1237.3719215393066, 103.32894325256348, 1.8758773803710938, 106.95171356201172, 1347.1102714538574, 0.7423297269649339]"
"[230, 1.0082721710205078, 1281.8057537078857, 56.38837814331055, 1.9643306732177734, 58.89701843261719, 1343.6753749847412, 0.7442273771009281]"
"[231, 1.2564659118652344, 1331.4869403839111, 85.18171310424805, 1.9795894622802734, 87.84198760986328, 1422.56498336792, 0.702955584941014]"
"[232, 1.1043548583984375, 1330.122709274292, 97.8090763092041, 1.8768310546875, 100.88562965393066, 1433.9895248413086, 0.6973551638117191]"
"[233, 0.9438991546630859, 1247.6942539215088, 52.98566818237305, 1.9004344940185547, 55.898189544677734, 1306.4367771148682, 0.7654407909492548]"
"[234, 2.429962158203125, 1247.05171585083, 74.4633674621582, 1.8689632415771484, 77.56519317626953, 1328.9158344268799, 0.752493103095027]"
"[235, 1.2853145599365234, 1301.7277717590332, 49.315452575683594, 1.8663406372070312, 52.06155776977539, 1356.9409847259521, 0.7369517254296509]"
"[236, 1.0991096496582031, 1238.910436630249, 49.63088035583496, 1.8663406372070312, 52.27184295654297, 1294.1477298736572, 0.7727093104723263]"
"[237, 1.1708736419677734, 1310.8980655670166, 50.29463768005371, 1.8627643585205078, 53.04765701293945, 1366.9793605804443, 0.7315399404241054]"
"[238, 1.0421276092529297, 1268.2931423187256, 49.21698570251465, 1.8699169158935547, 51.842451095581055, 1323.0476379394531, 0.7558306831320334]"
"[239, 1.220703125, 1251.0321140289307, 48.71320724487305, 1.8680095672607422, 51.349639892578125, 1305.4704666137695, 0.7660073709624987]"
"[240, 1.1157989501953125, 1291.0957336425781, 47.62911796569824, 1.8718242645263672, 50.126075744628906, 1344.2094326019287, 0.7439316937869888]"
"[241, 1.0378360748291016, 1237.854242324829, 45.66550254821777, 1.8668174743652344, 48.4471321105957, 1289.2060279846191, 0.7756712102589784]"
"[242, 1.1510848999023438, 1296.0610389709473, 46.36955261230469, 1.8656253814697266, 49.024105072021484, 1348.1018543243408, 0.7417837137396365]"
"[243, 1.1081695556640625, 1278.5818576812744, 101.6530990600586, 1.8894672393798828, 104.5682430267334, 1386.1477375030518, 0.7214238229767326]"
"[244, 1.3055801391601562, 1315.7081604003906, 105.98516464233398, 1.949310302734375, 108.61468315124512, 1427.5777339935303, 0.7004872492670385]"
"[245, 5.54656982421875, 1288.7787818908691, 105.63325881958008, 1.978158950805664, 108.25610160827637, 1404.55961227417, 0.711966933451024]"
"[246, 1.1305809020996094, 1293.9598560333252, 110.12029647827148, 1.8699169158935547, 112.73908615112305, 1409.6994400024414, 0.7093710699057014]"
"[247, 1.1026859283447266, 1285.8145236968994, 107.60760307312012, 1.8734931945800781, 110.63027381896973, 1399.420976638794, 0.7145812566007513]"
"[248, 1.41143798828125, 1285.304307937622, 50.95505714416504, 1.8701553344726562, 53.58695983886719, 1342.1728610992432, 0.7450605126831408]"
"[249, 1.1396408081054688, 1288.8011932373047, 111.9546890258789, 1.8699169158935547, 114.57681655883789, 1406.3875675201416, 0.7110415529079814]"
"[250, 3.871917724609375, 1309.7705841064453, 52.74605751037598, 1.8734931945800781, 55.42469024658203, 1370.9406852722168, 0.7294261602583032]"
"[251, 1.2500286102294922, 1349.0946292877197, 49.22175407409668, 1.8801689147949219, 51.70893669128418, 1403.9337635040283, 0.7122843156817709]"
"[252, 1.1489391326904297, 1287.1034145355225, 47.83797264099121, 1.8665790557861328, 50.33373832702637, 1340.4526710510254, 0.7460166416886003]"
"[253, 0.8609294891357422, 1267.341136932373, 77.23140716552734, 1.8711090087890625, 80.12175559997559, 1350.1949310302734, 0.7406337981412393]"
"[254, 1.249551773071289, 1221.1439609527588, 48.29144477844238, 1.8754005432128906, 50.83513259887695, 1275.10404586792, 0.7842497271031197]"
"[255, 1.2307167053222656, 1209.0363502502441, 101.69267654418945, 2.0215511322021484, 104.20942306518555, 1316.498041152954, 0.759590951707172]"
"[256, 1.2018680572509766, 1296.0517406463623, 47.08290100097656, 1.8749237060546875, 49.569129943847656, 1348.6976623535156, 0.7414560193238354]"
"[257, 1.035928726196289, 1289.8344993591309, 24.193763732910156, 1.8754005432128906, 26.66950225830078, 1319.4153308868408, 0.7579114601676283]"
"[258, 1.1799335479736328, 1246.7496395111084, 16.99090003967285, 1.8954277038574219, 19.46258544921875, 1269.2875862121582, 0.7878435201467829]"
"[259, 0.8821487426757812, 1290.177345275879, 58.38584899902344, 1.97601318359375, 61.0048770904541, 1354.0403842926025, 0.7385304098757989]"
"[260, 3.6077499389648438, 1292.860984802246, 35.13026237487793, 1.8794536590576172, 37.61124610900879, 1335.9594345092773, 0.7485257217913346]"
"[261, 1.9009113311767578, 1312.011480331421, 51.430702209472656, 1.8689632415771484, 53.9095401763916, 1369.6908950805664, 0.7300917335375725]"
"[262, 1.1680126190185547, 1264.643669128418, 55.43327331542969, 1.878499984741211, 57.909488677978516, 1325.5996704101562, 0.7543755647514518]"
"[263, 0.9126663208007812, 1301.9423484802246, 48.603057861328125, 1.8897056579589844, 51.081180572509766, 1355.8259010314941, 0.7375578230502998]"
"[264, 1.0950565338134766, 1323.049545288086, 90.08121490478516, 1.9788742065429688, 92.74435043334961, 1418.867826461792, 0.7047872827546481]"
"[265, 1.0373592376708984, 1265.0938034057617, 49.24368858337402, 1.8715858459472656, 51.87630653381348, 1319.8790550231934, 0.7576451768017697]"
"[266, 1.0330677032470703, 1286.597490310669, 49.90267753601074, 1.8672943115234375, 52.54077911376953, 1342.038631439209, 0.7451350330560864]"
"[267, 0.9903907775878906, 1306.490182876587, 50.89616775512695, 1.875162124633789, 53.52377891540527, 1362.8795146942139, 0.7337405759043695]"
"[268, 1.0662078857421875, 1291.623830795288, 110.02635955810547, 1.8696784973144531, 112.64753341674805, 1407.2072505950928, 0.7106273788577416]"
"[269, 3.970623016357422, 1309.8604679107666, 50.51279067993164, 1.8696784973144531, 53.16448211669922, 1368.8652515411377, 0.7305320950138441]"
"[270, 1.0306835174560547, 1297.0712184906006, 51.47671699523926, 1.8696784973144531, 54.11839485168457, 1354.0899753570557, 0.7385033625526348]"
"[271, 1.0454654693603516, 1270.8280086517334, 69.43368911743164, 1.962423324584961, 72.07775115966797, 1345.9136486053467, 0.7429897163434022]"
"[272, 1.0256767272949219, 1359.9097728729248, 51.850080490112305, 1.8742084503173828, 54.4896125793457, 1417.2992706298828, 0.7055672861212828]"
"[273, 2.292156219482422, 1312.502145767212, 111.2511157989502, 1.8630027770996094, 114.14742469787598, 1430.80472946167, 0.6989073906515831]"
"[274, 1.1897087097167969, 1231.5781116485596, 54.25143241882324, 1.865386962890625, 56.87308311462402, 1291.506290435791, 0.774289685931434]"
"[275, 0.9126663208007812, 1271.8451023101807, 77.17084884643555, 1.9676685333251953, 79.81514930725098, 1354.5405864715576, 0.7382576867666252]"
"[276, 1.0411739349365234, 1281.447172164917, 96.67539596557617, 1.985788345336914, 99.28703308105469, 1383.7611675262451, 0.7226680611277043]"
"[277, 0.949859619140625, 1301.9912242889404, 52.84738540649414, 1.875162124633789, 55.49192428588867, 1360.3081703186035, 0.735127540817303]"
"[278, 1.0182857513427734, 1309.1397285461426, 95.69001197814941, 1.8701553344726562, 98.92511367797852, 1410.9532833099365, 0.7087406874691934]"
"[279, 1.1372566223144531, 1234.9262237548828, 51.83720588684082, 1.8641948699951172, 54.474830627441406, 1292.4025058746338, 0.7737527553950769]"
"[280, 1.1134147644042969, 1290.4362678527832, 105.21078109741211, 1.8734931945800781, 108.42108726501465, 1401.8442630767822, 0.7133460016487064]"
"[281, 1.5015602111816406, 1254.5936107635498, 50.54068565368652, 1.8858909606933594, 53.15995216369629, 1311.141014099121, 0.7626944693565972]"
"[282, 0.9067058563232422, 1302.3641109466553, 52.87981033325195, 1.8727779388427734, 55.52172660827637, 1360.6653213500977, 0.7349345825965246]"
"[283, 0.8144378662109375, 1290.1787757873535, 55.68075180053711, 1.9829273223876953, 58.30574035644531, 1351.2818813323975, 0.7400380437381245]"
"[284, 0.7159709930419922, 1167.2461032867432, 54.155826568603516, 1.8606185913085938, 56.78057670593262, 1226.6032695770264, 0.8152595258814476]"
"[285, 1.081228256225586, 1359.1978549957275, 69.44489479064941, 1.8801689147949219, 72.78656959533691, 1434.945821762085, 0.696890422505304]"
"[286, 1.455545425415039, 1319.6606636047363, 54.00514602661133, 1.870870590209961, 56.644439697265625, 1379.631519317627, 0.7248312219588933]"
"[287, 0.7762908935546875, 1249.1114139556885, 90.0580883026123, 1.9872188568115234, 92.69475936889648, 1344.5696830749512, 0.7437323722137326]"
"[288, 0.8149147033691406, 1318.0766105651855, 55.394649505615234, 1.8725395202636719, 58.02154541015625, 1378.7856101989746, 0.7252759186075989]"
"[289, 0.7748603820800781, 1353.273630142212, 54.37302589416504, 1.8737316131591797, 57.00850486755371, 1412.9307270050049, 0.7077487812298513]"
"[290, 0.7750988006591797, 1291.5918827056885, 113.4481430053711, 1.8661022186279297, 116.05119705200195, 1410.2842807769775, 0.709076895793707]"
"[291, 3.1108856201171875, 1289.1299724578857, 54.1994571685791, 1.8725395202636719, 56.82706832885742, 1350.940465927124, 0.7402250692917985]"
"[292, 0.8289813995361328, 1293.02978515625, 54.762840270996094, 1.8734931945800781, 57.39116668701172, 1353.123426437378, 0.7390308825211073]"
"[293, 0.7960796356201172, 1311.0756874084473, 53.546905517578125, 1.8651485443115234, 56.16497993469238, 1369.9018955230713, 0.7299792804638531]"
"[294, 0.8625984191894531, 1358.0386638641357, 53.9698600769043, 1.8811225891113281, 56.64253234863281, 1417.4249172210693, 0.7055047416271959]"
"[295, 0.8246898651123047, 1288.635492324829, 54.29673194885254, 1.8720626831054688, 56.93793296813965, 1348.2701778411865, 0.7416911064525455]"
"[296, 0.8625984191894531, 1286.6358757019043, 60.13321876525879, 2.002239227294922, 62.775373458862305, 1352.276086807251, 0.7394939611488794]"
"[297, 0.9074211120605469, 1246.401309967041, 102.21624374389648, 1.9915103912353516, 104.87556457519531, 1354.1758060455322, 0.7384565545593395]"
"[298, 0.8385181427001953, 1279.8960208892822, 55.4201602935791, 1.8863677978515625, 58.051347732543945, 1340.672254562378, 0.7458944545148507]"
"[299, 1.2619495391845703, 1247.366189956665, 55.8016300201416, 1.8696784973144531, 58.42733383178711, 1308.9251518249512, 0.7639856248508661]"
"[300, 0.8406639099121094, 1285.6090068817139, 54.840803146362305, 1.8799304962158203, 57.77454376220703, 1346.1041450500488, 0.7428845707646339]"
"[301, 0.8289813995361328, 1286.9634628295898, 57.14774131774902, 1.9695758819580078, 59.778690338134766, 1349.5407104492188, 0.7409928372350709]"
"[302, 0.8203983306884766, 1261.0039710998535, 90.50774574279785, 1.8892288208007812, 93.34039688110352, 1357.0539951324463, 0.7368903548324925]"
"[303, 1.600027084350586, 1214.0929698944092, 50.37975311279297, 1.8782615661621094, 52.88553237915039, 1270.4567909240723, 0.7871184656918916]"
"[304, 0.8213520050048828, 1284.9204540252686, 57.684898376464844, 1.9671916961669922, 60.172319412231445, 1347.8813171386719, 0.7419050826543347]"
"[305, 0.6937980651855469, 1274.240255355835, 63.75861167907715, 1.974344253540039, 66.26558303833008, 1343.1739807128906, 0.7445051902131467]"
"[306, 0.8854866027832031, 1236.114740371704, 51.575660705566406, 1.8825531005859375, 54.06689643859863, 1292.9496765136719, 0.7734253066185951]"
"[307, 0.9291172027587891, 1246.9794750213623, 77.9564380645752, 1.99127197265625, 80.46221733093262, 1330.36208152771, 0.7516750619137149]"
"[308, 0.8008480072021484, 1329.0858268737793, 52.98948287963867, 1.8680095672607422, 55.504798889160156, 1387.2594833374023, 0.7208456759612469]"
"[309, 0.9686946868896484, 1288.3994579315186, 51.8951416015625, 1.8773078918457031, 54.39257621765137, 1345.6380367279053, 0.7431418945555602]"
"[310, 0.8304119110107422, 1288.332223892212, 68.62854957580566, 1.8758773803710938, 71.15530967712402, 1362.1938228607178, 0.7341099212297988]"
"[311, 0.8740425109863281, 1223.77610206604, 52.5667667388916, 1.8777847290039062, 55.05776405334473, 1281.585693359375, 0.780283367067508]"
"[312, 0.7939338684082031, 1287.4526977539062, 58.25400352478027, 1.989126205444336, 60.75716018676758, 1350.9929180145264, 0.7401963301699911]"
"[313, 0.8165836334228516, 1268.7220573425293, 69.67043876647949, 1.996755599975586, 72.14713096618652, 1343.6825275421143, 0.7442234155036727]"
"[314, 0.8361339569091797, 1221.2352752685547, 52.80756950378418, 1.874685287475586, 55.29499053955078, 1279.2410850524902, 0.7817134797222117]"
"[315, 1.1527538299560547, 1251.1837482452393, 52.350521087646484, 1.8668174743652344, 54.83055114746094, 1309.0338706970215, 0.7639221737383539]"
"[316, 1.0144710540771484, 1360.503911972046, 57.344675064086914, 1.8796920776367188, 59.96370315551758, 1423.3617782592773, 0.702562071902033]"
"[317, 0.8652210235595703, 1240.2162551879883, 52.9477596282959, 1.8796920776367188, 55.45163154602051, 1298.412799835205, 0.7701710889841199]"
"[318, 1.0221004486083984, 1259.1588497161865, 94.81167793273926, 2.0151138305664062, 97.3045825958252, 1359.5006465911865, 0.735564195947535]"
"[319, 0.6594657897949219, 1239.3627166748047, 52.376747131347656, 1.8658638000488281, 54.98337745666504, 1296.8714237213135, 0.771086463707054]"
"[320, 1.3780593872070312, 1310.5709552764893, 53.08389663696289, 1.875162124633789, 55.577993392944336, 1369.4021701812744, 0.7302456661563674]"
"[321, 0.8847713470458984, 1253.4689903259277, 52.696943283081055, 1.878976821899414, 55.19676208496094, 1311.429500579834, 0.7625266928629111]"
"[322, 0.8132457733154297, 1290.515661239624, 111.34076118469238, 1.865386962890625, 113.81387710571289, 1407.008171081543, 0.710727926499046]"
"[323, 1.3713836669921875, 1221.9007015228271, 53.61533164978027, 1.8739700317382812, 56.130409240722656, 1281.2764644622803, 0.7804716840870678]"
"[324, 0.8432865142822266, 1323.760986328125, 111.37723922729492, 1.8727779388427734, 113.87157440185547, 1440.3486251831055, 0.694276359567375]"
