frame_idx,t_capture_ms,t_vo_ms,t_gt_ms,t_control_show_ms,t_total_ms,fps
"[0, 0.9021759033203125, 93.77431869506836, 1.8718242645263672, 3.7336349487304688, 100.28195381164551, 9.97188389327006]"
"[1, 0.9477138519287109, 65.887451171875, 1.9345283508300781, 110.4128360748291, 179.1825294494629, 5.580901235586378]"
"[2, 1.7096996307373047, 58.68673324584961, 2.271413803100586, 2.658367156982422, 65.32621383666992, 15.307790567814363]"
"[3, 0.9577274322509766, 110.73923110961914, 1.8749237060546875, 2.6378631591796875, 116.20974540710449, 8.605130288314571]"
"[4, 1.1963844299316406, 58.22491645812988, 1.9652843475341797, 2.531290054321289, 63.91787528991699, 15.645075739207956]"
"[5, 1.0673999786376953, 54.319143295288086, 1.9567012786865234, 2.5625228881835938, 59.9057674407959, 16.69288355229381]"
"[6, 1.0313987731933594, 54.473876953125, 1.9011497497558594, 2.5637149810791016, 59.97014045715332, 16.674965113921434]"
"[7, 0.9582042694091797, 53.71880531311035, 1.8606185913085938, 2.4878978729248047, 59.02552604675293, 16.94182274983742]"
"[8, 1.2230873107910156, 54.09502983093262, 1.9812583923339844, 2.4728775024414062, 59.77225303649902, 16.730170759823377]"
"[9, 1.180410385131836, 53.528547286987305, 1.9164085388183594, 2.583742141723633, 59.20910835266113, 16.88929335067508]"
"[10, 0.957489013671875, 57.13319778442383, 1.9173622131347656, 2.5599002838134766, 62.567949295043945, 15.982623871599557]"
"[11, 1.3875961303710938, 55.3739070892334, 1.9354820251464844, 2.501964569091797, 61.19894981384277, 16.340149676454203]"
"[12, 1.384735107421875, 54.404258728027344, 1.9352436065673828, 2.4840831756591797, 60.20832061767578, 16.60900004751873]"
"[13, 1.0554790496826172, 53.600311279296875, 1.93023681640625, 2.4983882904052734, 59.084415435791016, 16.92493684881647]"
"[14, 1.2660026550292969, 54.734230041503906, 1.9316673278808594, 2.505779266357422, 60.437679290771484, 16.545969529850804]"
"[15, 1.2536048889160156, 54.320573806762695, 1.9564628601074219, 2.5229454040527344, 60.05358695983887, 16.651794682451772]"
"[16, 1.2691020965576172, 55.26399612426758, 1.9578933715820312, 2.521514892578125, 61.01250648498535, 16.39008225708759]"
"[17, 1.592397689819336, 65.01340866088867, 1.9392967224121094, 2.5212764739990234, 71.06637954711914, 14.071351409381563]"
"[18, 1.4798641204833984, 72.79777526855469, 1.985788345336914, 2.498626708984375, 78.76205444335938, 12.69646922071003]"
"[19, 1.6307830810546875, 67.92664527893066, 1.9676685333251953, 2.4924278259277344, 74.01752471923828, 13.5103139937897]"
"[20, 1.522064208984375, 56.91671371459961, 2.0194053649902344, 2.5370121002197266, 62.995195388793945, 15.874226499786165]"
"[21, 1.4309883117675781, 57.759761810302734, 2.187013626098633, 2.5010108947753906, 63.878774642944336, 15.654652200039562]"
"[22, 1.2845993041992188, 54.99982833862305, 1.9664764404296875, 2.5017261505126953, 60.75263023376465, 16.460192688813454]"
"[23, 1.241445541381836, 54.87203598022461, 1.9261837005615234, 2.5222301483154297, 60.5618953704834, 16.512032753971223]"
"[24, 0.9405612945556641, 55.21202087402344, 1.9078254699707031, 2.675294876098633, 60.73570251464844, 16.464780328486636]"
"[25, 1.2857913970947266, 57.30581283569336, 1.9428730010986328, 2.5026798248291016, 63.03715705871582, 15.863659572536754]"
"[26, 1.176595687866211, 54.60047721862793, 1.954793930053711, 2.5076866149902344, 60.239553451538086, 16.600388659993747]"
"[27, 1.3551712036132812, 54.87704277038574, 1.9390583038330078, 2.490997314453125, 60.662269592285156, 16.484711282994546]"
"[28, 1.2671947479248047, 54.26788330078125, 1.9550323486328125, 5.3043365478515625, 62.79444694519043, 15.924975035974773]"
"[29, 1.2347698211669922, 54.21900749206543, 2.012014389038086, 2.4983882904052734, 59.96417999267578, 16.676622612401992]"
"[30, 1.186370849609375, 55.16958236694336, 1.941680908203125, 2.4983882904052734, 60.79602241516113, 16.44844449150382]"
"[31, 1.188039779663086, 54.40688133239746, 1.947164535522461, 2.505064010620117, 60.047149658203125, 16.653579823391144]"
"[32, 0.8387565612792969, 54.30912971496582, 1.9345283508300781, 4.281282424926758, 61.36369705200195, 16.296280179347107]"
"[33, 1.1703968048095703, 58.93659591674805, 1.936197280883789, 2.5169849395751953, 64.5601749420166, 15.489425189726166]"
"[34, 1.4522075653076172, 55.81355094909668, 1.9292831420898438, 2.5167465209960938, 61.711788177490234, 16.204359483537967]"
"[35, 1.2726783752441406, 56.076765060424805, 1.9295215606689453, 2.496957778930664, 61.775922775268555, 16.187536423176525]"
"[36, 1.1963844299316406, 53.81965637207031, 1.920938491821289, 2.470731735229492, 59.407711029052734, 16.832831675857033]"
"[37, 1.2209415435791016, 55.41729927062988, 1.9366741180419922, 2.519369125366211, 61.09428405761719, 16.368143361118918]"
"[38, 1.276254653930664, 58.55059623718262, 1.9168853759765625, 2.4671554565429688, 64.21089172363281, 15.573681865438884]"
"[39, 0.9870529174804688, 58.188676834106445, 1.9543170928955078, 2.4862289428710938, 63.616275787353516, 15.719247749469693]"
"[40, 1.2691020965576172, 55.646419525146484, 1.9495487213134766, 2.5141239166259766, 61.379194259643555, 16.292165644433915]"
"[41, 1.2156963348388672, 55.58061599731445, 1.9316673278808594, 2.6464462280273438, 61.37442588806152, 16.29343143386566]"
"[42, 1.2629032135009766, 56.18572235107422, 1.9748210906982422, 2.491474151611328, 61.914920806884766, 16.151195656359505]"
"[43, 1.3592243194580078, 55.676937103271484, 1.9261837005615234, 2.500772476196289, 61.463117599487305, 16.26991989759305]"
"[44, 1.1518001556396484, 54.60333824157715, 1.9383430480957031, 2.484560012817383, 60.17804145812988, 16.617357025415505]"
"[45, 1.3883113861083984, 54.25834655761719, 1.941680908203125, 2.4940967559814453, 60.082435607910156, 16.64379930477294]"
"[46, 1.0962486267089844, 56.66160583496094, 1.9500255584716797, 2.493143081665039, 62.20102310180664, 16.07690597569857]"
"[47, 1.2483596801757812, 56.40578269958496, 1.9311904907226562, 2.4747848510742188, 62.06011772155762, 16.113408042289826]"
"[48, 1.1334419250488281, 54.668426513671875, 1.9652843475341797, 2.485513687133789, 60.25266647338867, 16.596775852926978]"
"[49, 0.9095668792724609, 54.63290214538574, 1.920938491821289, 2.4797916412353516, 59.943199157714844, 16.682459629305544]"
"[50, 1.226186752319336, 54.26645278930664, 1.9483566284179688, 3.110647201538086, 60.55164337158203, 16.51482840628101]"
"[51, 1.2061595916748047, 58.110713958740234, 1.9376277923583984, 2.499818801879883, 63.75432014465332, 15.685211570464277]"
"[52, 1.2364387512207031, 57.41310119628906, 1.9762516021728516, 2.513885498046875, 63.13967704772949, 15.837901724522046]"
"[53, 1.247406005859375, 54.212093353271484, 1.9354820251464844, 2.5026798248291016, 59.897661209106445, 16.695142678592042]"
"[54, 1.2392997741699219, 56.24055862426758, 1.9254684448242188, 2.4933815002441406, 61.89870834350586, 16.155425965442067]"
"[55, 1.2166500091552734, 56.259870529174805, 1.9502639770507812, 2.4871826171875, 61.91396713256836, 16.151444436742835]"
"[56, 1.1551380157470703, 57.793617248535156, 1.9528865814208984, 2.494335174560547, 63.39597702026367, 15.77387157674632]"
"[57, 1.1913776397705078, 55.619001388549805, 1.9230842590332031, 2.4802684783935547, 61.21373176574707, 16.336203841105515]"
"[58, 1.110076904296875, 55.5875301361084, 1.9354820251464844, 5.007505416870117, 63.640594482421875, 15.713241023796678]"
"[59, 1.1858940124511719, 54.9769401550293, 1.917123794555664, 2.5098323822021484, 60.58979034423828, 16.504430768262164]"
"[60, 1.2652873992919922, 55.51290512084961, 1.928567886352539, 2.4871826171875, 61.19394302368164, 16.3414866012639]"
"[61, 1.2524127960205078, 55.20153045654297, 1.9249916076660156, 2.505779266357422, 60.884714126586914, 16.42448378620741]"
"[62, 1.2977123260498047, 56.05602264404297, 1.940011978149414, 2.505779266357422, 61.79952621459961, 16.18135382668611]"
"[63, 1.2843608856201172, 55.468082427978516, 1.9266605377197266, 2.4874210357666016, 61.16652488708496, 16.34881173723743]"
"[64, 1.264810562133789, 54.74519729614258, 1.9299983978271484, 2.5146007537841797, 60.454607009887695, 16.54133654092639]"
"[65, 1.0182857513427734, 56.11610412597656, 1.9385814666748047, 2.4962425231933594, 61.5692138671875, 16.24188351920694]"
"[66, 1.0898113250732422, 56.02836608886719, 1.9309520721435547, 2.550840377807617, 61.5999698638916, 16.233774175694453]"
"[67, 1.2023448944091797, 57.863712310791016, 1.9223690032958984, 2.5064945220947266, 63.49492073059082, 15.749291258162264]"
"[68, 1.2173652648925781, 55.63783645629883, 1.9266605377197266, 2.461671829223633, 61.243534088134766, 16.328254319238226]"
"[69, 1.3515949249267578, 54.64935302734375, 2.0966529846191406, 2.473115921020508, 60.570716857910156, 16.509627950183425]"
"[70, 1.1777877807617188, 55.66096305847168, 1.918792724609375, 2.4940967559814453, 61.25164031982422, 16.326093387516153]"
"[71, 1.2345314025878906, 55.66525459289551, 1.9512176513671875, 2.4857521057128906, 61.33675575256348, 16.303438089129884]"
"[72, 1.1839866638183594, 56.241512298583984, 1.926422119140625, 2.4993419647216797, 61.85126304626465, 16.167818582006994]"
"[73, 1.2278556823730469, 54.85963821411133, 1.9245147705078125, 2.5429725646972656, 60.55498123168945, 16.513918089973462]"
"[74, 1.691579818725586, 55.23848533630371, 1.9350051879882812, 2.493143081665039, 61.35821342468262, 16.297736589535855]"
"[75, 1.1930465698242188, 56.23269081115723, 1.9421577453613281, 2.5086402893066406, 61.876535415649414, 16.161215124321366]"
"[76, 1.215219497680664, 55.991172790527344, 1.9381046295166016, 2.5076866149902344, 61.652183532714844, 16.220025677912354]"
"[77, 1.4200210571289062, 57.93499946594238, 1.997232437133789, 2.470731735229492, 63.82298469543457, 15.668336489934365]"
"[78, 1.1508464813232422, 57.0986270904541, 1.9545555114746094, 2.568960189819336, 62.77298927307129, 15.930418665420888]"
"[79, 5.0201416015625, 58.037757873535156, 1.9388198852539062, 2.488374710083008, 67.48509407043457, 14.818087072032446]"
"[80, 1.0600090026855469, 57.42764472961426, 1.9278526306152344, 2.492189407348633, 62.90769577026367, 15.896306290600105]"
"[81, 1.1920928955078125, 56.48231506347656, 1.9335746765136719, 2.496480941772461, 62.10446357727051, 16.101902220857248]"
"[82, 1.3432502746582031, 57.882070541381836, 1.9466876983642578, 2.5353431701660156, 63.70735168457031, 15.696775545642346]"
"[83, 1.2047290802001953, 57.468414306640625, 1.9276142120361328, 2.476930618286133, 63.077688217163086, 15.853466229726308]"
"[84, 1.2483596801757812, 57.586669921875, 1.9595623016357422, 2.476215362548828, 63.27080726623535, 15.805077305116871]"
"[85, 1.1677742004394531, 58.3343505859375, 1.9304752349853516, 2.5129318237304688, 63.94553184509277, 15.638309216388834]"
"[86, 1.1792182922363281, 56.41627311706543, 1.9273757934570312, 2.5191307067871094, 62.0419979095459, 16.118114079078328]"
"[87, 1.1477470397949219, 115.47088623046875, 1.928567886352539, 2.5398731231689453, 121.08707427978516, 8.258519796170718]"
"[88, 1.4483928680419922, 57.81888961791992, 1.9390583038330078, 2.518892288208008, 63.72523307800293, 15.692371007508894]"
"[89, 1.3637542724609375, 59.01789665222168, 1.920938491821289, 2.4890899658203125, 64.79167938232422, 15.434080572278074]"
"[90, 1.214742660522461, 57.4953556060791, 1.941680908203125, 2.5501251220703125, 63.201904296875, 15.822308063737324]"
"[91, 1.1813640594482422, 60.45389175415039, 1.9619464874267578, 2.488374710083008, 66.0855770111084, 15.131894813173968]"
"[92, 1.1849403381347656, 58.20322036743164, 1.9390583038330078, 2.4902820587158203, 63.817501068115234, 15.669682818395787]"
"[93, 1.2030601501464844, 57.52396583557129, 1.9469261169433594, 2.5124549865722656, 63.1864070892334, 15.826188670417284]"
"[94, 1.2116432189941406, 59.919118881225586, 1.9378662109375, 2.485990524291992, 65.55461883544922, 15.254455258295874]"
"[95, 1.6219615936279297, 75.836181640625, 1.9674301147460938, 2.516031265258789, 81.94160461425781, 12.203812760410605]"
"[96, 1.3720989227294922, 60.75310707092285, 1.958608627319336, 2.5005340576171875, 66.58434867858887, 15.018544445439083]"
"[97, 1.2323856353759766, 58.71748924255371, 1.9464492797851562, 2.516031265258789, 64.41235542297363, 15.52497177650695]"
"[98, 1.245737075805664, 57.43718147277832, 1.920938491821289, 2.4852752685546875, 63.08913230895996, 15.85059048050942]"
"[99, 0.8814334869384766, 61.31696701049805, 1.912832260131836, 2.4852752685546875, 66.59650802612305, 15.015802324166028]"
"[100, 1.2748241424560547, 59.114694595336914, 1.9497871398925781, 2.5141239166259766, 64.85342979431152, 15.419384960388214]"
"[101, 1.184701919555664, 57.75594711303711, 1.936197280883789, 2.505064010620117, 63.38191032409668, 15.777372358873471]"
"[102, 1.3120174407958984, 57.828426361083984, 1.950979232788086, 2.492189407348633, 63.5836124420166, 15.727322836712425]"
"[103, 1.2402534484863281, 58.89439582824707, 1.9338130950927734, 2.4721622467041016, 64.54062461853027, 15.494117169000713]"
"[104, 0.8957386016845703, 58.17270278930664, 1.9304752349853516, 2.4919509887695312, 63.490867614746094, 15.750296657904618]"
"[105, 1.2714862823486328, 59.38911437988281, 1.93023681640625, 2.491474151611328, 65.08231163024902, 15.365157981500138]"
"[106, 2.0761489868164062, 60.660600662231445, 1.9435882568359375, 2.5060176849365234, 67.18635559082031, 14.883974449964514]"
"[107, 1.203298568725586, 58.14933776855469, 1.9309520721435547, 2.497434616088867, 63.781023025512695, 15.678644721643858]"
"[108, 1.291036605834961, 62.29424476623535, 1.924276351928711, 2.508878707885742, 68.01843643188477, 14.701896316029304]"
"[109, 1.3735294342041016, 60.581207275390625, 1.9259452819824219, 2.5441646575927734, 66.42484664916992, 15.054607582033409]"
"[110, 1.2204647064208984, 59.44991111755371, 1.955270767211914, 2.4917125701904297, 65.11735916137695, 15.356888130579009]"
"[111, 1.0631084442138672, 59.39674377441406, 1.940011978149414, 2.499103546142578, 64.89896774291992, 15.408565571662638]"
"[112, 1.298666000366211, 58.33172798156738, 1.9702911376953125, 2.4671554565429688, 64.06784057617188, 15.60845489729086]"
"[113, 1.0020732879638672, 59.415340423583984, 1.9543170928955078, 2.4728775024414062, 64.84460830688477, 15.421482619917787]"
"[114, 1.0859966278076172, 58.632850646972656, 1.9469261169433594, 2.49481201171875, 64.16058540344238, 15.585892705186374]"
"[115, 1.1858940124511719, 58.5634708404541, 1.9919872283935547, 2.4895668029785156, 64.23091888427734, 15.568826001098723]"
"[116, 1.1687278747558594, 58.623552322387695, 1.9474029541015625, 2.488851547241211, 64.22853469848633, 15.569403921393944]"
"[117, 1.1775493621826172, 58.70389938354492, 1.9402503967285156, 2.4793148040771484, 64.3010139465332, 15.551854296286958]"
"[118, 1.2052059173583984, 58.64858627319336, 1.9123554229736328, 2.54058837890625, 64.30673599243164, 15.550470484424704]"
"[119, 1.070261001586914, 57.700395584106445, 1.9195079803466797, 2.485036849975586, 63.175201416015625, 15.828995833584928]"
"[120, 1.1832714080810547, 58.83646011352539, 1.9447803497314453, 2.485036849975586, 64.44954872131348, 15.516012444464174]"
"[121, 1.2280941009521484, 58.585166931152344, 1.9278526306152344, 2.4957656860351562, 64.23687934875488, 15.567381388046572]"
"[122, 1.1913776397705078, 58.97235870361328, 1.9581317901611328, 2.4862289428710938, 64.60809707641602, 15.477936129541748]"
"[123, 1.1925697326660156, 59.052228927612305, 1.9426345825195312, 2.5014877319335938, 64.68892097473145, 15.458597622777113]"
"[124, 1.1992454528808594, 58.466434478759766, 1.9252300262451172, 2.482175827026367, 64.07308578491211, 15.607177143877772]"
"[125, 1.3682842254638672, 58.52222442626953, 1.9495487213134766, 2.4886131286621094, 64.32867050170898, 15.545168152875684]"
"[126, 1.1775493621826172, 57.637691497802734, 1.934051513671875, 2.4976730346679688, 63.246965408325195, 15.811035257485571]"
"[127, 1.1959075927734375, 58.20441246032715, 1.9373893737792969, 3.338336944580078, 64.67604637145996, 15.461674856508806]"
"[128, 1.3875961303710938, 61.049699783325195, 1.9211769104003906, 2.5920867919921875, 66.95055961608887, 14.93639494179359]"
"[129, 1.317739486694336, 59.72003936767578, 1.928091049194336, 2.4871826171875, 65.45305252075195, 15.278126252140021]"
"[130, 1.3163089752197266, 58.7308406829834, 1.9237995147705078, 2.507448196411133, 64.47839736938477, 15.509070336708056]"
"[131, 1.138925552368164, 59.17787551879883, 1.9483566284179688, 2.504587173461914, 64.76974487304688, 15.43930737970434]"
"[132, 1.1208057403564453, 56.79059028625488, 1.9421577453613281, 2.516031265258789, 62.369585037231445, 16.03345604116255]"
"[133, 1.2483596801757812, 55.45401573181152, 1.9147396087646484, 2.4716854095458984, 61.08880043029785, 16.36961264513611]"
"[134, 1.1363029479980469, 55.85432052612305, 1.9390583038330078, 2.654552459716797, 61.5842342376709, 16.23792213021142]"
"[135, 1.232147216796875, 60.904502868652344, 1.93023681640625, 2.4814605712890625, 66.54834747314453, 15.026669150628395]"
"[136, 1.2657642364501953, 60.24575233459473, 1.9266605377197266, 2.504587173461914, 65.94276428222656, 15.164666068897695]"
"[137, 1.2960433959960938, 59.946537017822266, 1.93023681640625, 2.4871826171875, 65.65999984741211, 15.229972621442421]"
"[138, 1.2333393096923828, 57.18183517456055, 1.9431114196777344, 2.473592758178711, 62.831878662109375, 15.915487827090036]"
"[139, 1.3828277587890625, 57.807207107543945, 2.0902156829833984, 2.507448196411133, 63.78769874572754, 15.677003868508102]"
"[140, 1.2059211730957031, 59.66043472290039, 2.7954578399658203, 2.4919509887695312, 66.15376472473145, 15.116297676497194]"
"[141, 1.2011528015136719, 59.31711196899414, 1.940011978149414, 2.482891082763672, 64.9411678314209, 15.398552773117265]"
"[142, 1.1186599731445312, 58.51125717163086, 1.9450187683105469, 2.512216567993164, 64.0871524810791, 15.60375147413886]"
"[143, 1.295328140258789, 58.678627014160156, 1.9266605377197266, 2.460002899169922, 64.3606185913086, 15.53745165735623]"
"[144, 1.1417865753173828, 59.96561050415039, 1.947641372680664, 2.4785995483398438, 65.53363800048828, 15.259339028188077]"
"[145, 1.0628700256347656, 58.01272392272949, 1.941680908203125, 2.481698989868164, 63.49897384643555, 15.748285986768494]"
"[146, 1.1429786682128906, 57.35182762145996, 1.9216537475585938, 2.4967193603515625, 62.91317939758301, 15.894920739587004]"
"[147, 1.3091564178466797, 61.01632118225098, 1.9450187683105469, 2.4878978729248047, 66.75839424133301, 14.979389653756183]"
"[148, 1.2004375457763672, 57.65843391418457, 1.9125938415527344, 2.495288848876953, 63.266754150390625, 15.806089840217064]"
"[149, 1.360177993774414, 55.11736869812012, 1.934051513671875, 2.6187896728515625, 61.03038787841797, 16.38528010000781]"
"[150, 1.2257099151611328, 60.10746955871582, 1.9445419311523438, 2.4890899658203125, 65.76681137084961, 15.205237705096321]"
"[151, 1.0573863983154297, 56.72764778137207, 1.9402503967285156, 2.523660659790039, 62.248945236206055, 16.06452922544247]"
"[152, 1.2192726135253906, 57.79862403869629, 2.144336700439453, 2.482891082763672, 63.645124435424805, 15.712122631084073]"
"[153, 1.2743473052978516, 57.11102485656738, 1.931905746459961, 2.4890899658203125, 62.80636787414551, 15.921952404632748]"
"[154, 1.0976791381835938, 60.402870178222656, 1.9261837005615234, 2.483844757080078, 65.91057777404785, 15.172071521329432]"
"[155, 1.0900497436523438, 62.48593330383301, 1.9345283508300781, 2.501249313354492, 68.01176071166992, 14.703339386248432]"
"[156, 1.3070106506347656, 62.0114803314209, 1.934051513671875, 2.4945735931396484, 67.74711608886719, 14.760775922745573]"
"[157, 1.2183189392089844, 59.446096420288086, 1.928567886352539, 2.488851547241211, 65.08183479309082, 15.365270557894004]"
"[158, 1.2569427490234375, 59.07940864562988, 1.917123794555664, 2.916097640991211, 65.1695728302002, 15.344584237271393]"
"[159, 0.9796619415283203, 64.01538848876953, 1.924753189086914, 2.480745315551758, 69.40054893493652, 14.4091079299316]"
"[160, 1.1985301971435547, 58.441162109375, 1.9254684448242188, 2.5103092193603516, 64.07546997070312, 15.60659641602667]"
"[161, 1.3501644134521484, 59.58437919616699, 1.9235610961914062, 2.4955272674560547, 65.3536319732666, 15.30136841375637]"
"[162, 1.0051727294921875, 60.51349639892578, 1.9536018371582031, 2.505779266357422, 65.9780502319336, 15.156555801280662]"
"[163, 1.1279582977294922, 58.15720558166504, 1.9364356994628906, 2.4933815002441406, 63.71498107910156, 15.694895973656639]"
"[164, 1.2335777282714844, 57.860612869262695, 1.93023681640625, 2.5398731231689453, 63.564300537109375, 15.732101062233692]"
"[165, 1.268148422241211, 58.983564376831055, 1.9524097442626953, 2.4924278259277344, 64.6965503692627, 15.456774654790552]"
"[166, 1.2459754943847656, 57.69920349121094, 1.9605159759521484, 2.504587173461914, 63.410282135009766, 15.770313052240546]"
"[167, 1.2090206146240234, 58.907508850097656, 1.9335746765136719, 2.506732940673828, 64.55683708190918, 15.490226058182007]"
"[168, 1.2462139129638672, 58.32076072692871, 1.9519329071044922, 2.469778060913086, 63.988685607910156, 15.627762791182914]"
"[169, 1.2767314910888672, 63.93289566040039, 1.9307136535644531, 2.499103546142578, 69.63944435119629, 14.359678043336107]"
"[170, 1.4438629150390625, 66.9858455657959, 1.9414424896240234, 2.5053024291992188, 72.8764533996582, 13.721853264674515]"
"[171, 1.2652873992919922, 58.457136154174805, 1.9714832305908203, 2.463817596435547, 64.15772438049316, 15.58658773602084]"
"[172, 1.2042522430419922, 57.37757682800293, 1.9233226776123047, 2.483844757080078, 62.988996505737305, 15.875788716667612]"
"[173, 1.2671947479248047, 59.66782569885254, 1.9245147705078125, 2.513408660888672, 65.37294387817383, 15.296848216955878]"
"[174, 1.1715888977050781, 59.54575538635254, 1.9230842590332031, 2.490520477294922, 65.13094902038574, 15.353683848319234]"
"[175, 1.2466907501220703, 59.403181076049805, 1.941680908203125, 2.466917037963867, 65.05846977233887, 15.370788822721027]"
"[176, 1.917123794555664, 86.5781307220459, 1.9490718841552734, 3.020048141479492, 93.46437454223633, 10.699263809314878]"
"[177, 2.5873184204101562, 83.64510536193848, 2.405405044555664, 2.4917125701904297, 91.12954139709473, 10.973390018967885]"
"[178, 1.399993896484375, 57.581186294555664, 1.9326210021972656, 2.507925033569336, 63.42172622680664, 15.767467388444043]"
"[179, 1.2638568878173828, 55.81259727478027, 1.912832260131836, 2.4945735931396484, 61.48386001586914, 16.264431018838074]"
"[180, 1.2063980102539062, 55.0847053527832, 1.9841194152832031, 2.495288848876953, 60.770511627197266, 16.455349366393346]"
"[181, 1.27410888671875, 57.17182159423828, 2.058267593383789, 2.5103092193603516, 63.01450729370117, 15.869361563665807]"
"[182, 1.1584758758544922, 59.49974060058594, 1.9299983978271484, 2.483844757080078, 65.07205963134766, 15.367578737561004]"
"[183, 1.3415813446044922, 56.05912208557129, 1.9626617431640625, 2.498149871826172, 61.861515045166016, 16.16513917045008]"
"[184, 1.2285709381103516, 56.22601509094238, 1.9381046295166016, 2.496004104614258, 61.888694763183594, 16.158039910624854]"
"[185, 1.2025833129882812, 57.857513427734375, 1.932382583618164, 2.4940967559814453, 63.486576080322266, 15.751361338731119]"
"[186, 1.0190010070800781, 57.94262886047363, 1.9335746765136719, 2.4895668029785156, 63.3847713470459, 15.776660209512704]"
"[187, 1.5625953674316406, 60.04190444946289, 2.0165443420410156, 2.5048255920410156, 66.12586975097656, 15.122674435374542]"
"[188, 1.2335777282714844, 59.697866439819336, 1.9376277923583984, 2.4950504302978516, 65.36412239074707, 15.29891266682959]"
"[189, 1.277923583984375, 58.290958404541016, 1.9373893737792969, 2.501249313354492, 64.00752067565918, 15.623164113280216]"
"[190, 1.2712478637695312, 58.70318412780762, 1.932382583618164, 3.1385421752929688, 65.04535675048828, 15.3738875449014]"
"[191, 1.058816909790039, 61.769962310791016, 1.9299983978271484, 2.4726390838623047, 67.23141670227051, 14.87399863115228]"
"[192, 0.9379386901855469, 59.79418754577637, 1.9364356994628906, 2.4843215942382812, 65.15288352966309, 15.348514844238869]"
"[193, 1.1246204376220703, 59.65137481689453, 1.9507408142089844, 2.5043487548828125, 65.2310848236084, 15.330114510652452]"
"[194, 1.140594482421875, 61.06376647949219, 1.9648075103759766, 2.4945735931396484, 66.66374206542969, 15.000658064146949]"
"[195, 1.1682510375976562, 60.012102127075195, 1.9330978393554688, 2.454996109008789, 65.56844711303711, 15.25123811878668]"
"[196, 1.3427734375, 61.3093376159668, 2.0074844360351562, 2.4819374084472656, 67.14153289794922, 14.893910770847834]"
"[197, 1.0695457458496094, 61.927080154418945, 1.9316673278808594, 2.485513687133789, 67.4138069152832, 14.833756551631453]"
"[198, 1.111745834350586, 60.12463569641113, 1.9369125366210938, 2.4852752685546875, 65.6585693359375, 15.230304438763653]"
"[199, 1.1725425720214844, 60.585737228393555, 1.9197463989257812, 2.5572776794433594, 66.23530387878418, 15.097688716429515]"
"[200, 1.2087821960449219, 60.943603515625, 1.928091049194336, 2.477884292602539, 66.5583610534668, 15.02440841649771]"
"[201, 1.0111331939697266, 59.82542037963867, 1.9369125366210938, 2.4864673614501953, 65.25993347167969, 15.32333771737542]"
"[202, 1.1458396911621094, 57.675838470458984, 1.9297599792480469, 2.5043487548828125, 63.25578689575195, 15.808830291654417]"
"[203, 1.2209415435791016, 56.17356300354004, 1.962423324584961, 2.5072097778320312, 61.86413764953613, 16.164453882232337]"
"[204, 1.1324882507324219, 55.82380294799805, 1.9500255584716797, 2.4895668029785156, 61.395883560180664, 16.287736929786067]"
"[205, 1.1854171752929688, 54.30746078491211, 1.9249916076660156, 2.5157928466796875, 59.93366241455078, 16.6851141697828]"
"[206, 1.001119613647461, 56.23817443847656, 1.9757747650146484, 2.54058837890625, 61.75565719604492, 16.192848483912563]"
"[207, 1.1661052703857422, 56.0755729675293, 1.9352436065673828, 2.490520477294922, 61.667442321777344, 16.21601224811716]"
"[208, 1.1031627655029297, 55.22942543029785, 1.94549560546875, 2.5250911712646484, 60.80317497253418, 16.4465095852596]"
"[209, 1.2431144714355469, 60.63723564147949, 2.091646194458008, 2.4995803833007812, 66.47157669067383, 15.044024074432752]"
"[210, 1.2378692626953125, 57.12103843688965, 1.9490718841552734, 2.4862289428710938, 62.79420852661133, 15.925035500307542]"
"[211, 1.1913776397705078, 56.94270133972168, 1.9235610961914062, 2.4657249450683594, 62.52336502075195, 15.994020789957368]"
"[212, 1.262664794921875, 60.977935791015625, 1.96075439453125, 2.4690628051757812, 66.67041778564453, 14.999156045716575]"
"[213, 1.1904239654541016, 59.87405776977539, 1.9271373748779297, 2.488374710083008, 65.47999382019043, 15.27184017069432]"
"[214, 1.1277198791503906, 58.80141258239746, 1.9371509552001953, 2.4881362915039062, 64.35441970825195, 15.538948288764903]"
"[215, 1.1806488037109375, 60.507774353027344, 1.9443035125732422, 2.504587173461914, 66.13731384277344, 15.120057678442683]"
"[216, 1.3058185577392578, 58.61401557922363, 1.9383430480957031, 2.4650096893310547, 64.32318687438965, 15.54649339674044]"
"[217, 1.233816146850586, 56.34760856628418, 1.9502639770507812, 3.1023025512695312, 62.63399124145508, 15.965771623031069]"
"[218, 1.455545425415039, 62.256574630737305, 1.94549560546875, 2.5310516357421875, 68.18866729736328, 14.66519349379729]"
"[219, 1.2331008911132812, 59.365272521972656, 2.016305923461914, 2.4890899658203125, 65.10376930236816, 15.360093750572208]"
"[220, 1.371145248413086, 58.94351005554199, 1.9435882568359375, 2.4886131286621094, 64.74685668945312, 15.444765215342013]"
"[221, 1.0902881622314453, 57.55043029785156, 1.9347667694091797, 2.467632293701172, 63.04311752319336, 15.862159729523261]"
"[222, 1.2624263763427734, 58.27188491821289, 1.943349838256836, 2.479076385498047, 63.95673751831055, 15.635569273897127]"
"[223, 1.0449886322021484, 57.24287033081055, 1.9376277923583984, 2.4993419647216797, 62.72482872009277, 15.942650149950397]"
"[224, 1.1653900146484375, 58.990478515625, 1.9533634185791016, 2.499818801879883, 64.60905075073242, 15.477707664489465]"
"[225, 1.379251480102539, 59.72909927368164, 1.947641372680664, 2.489328384399414, 65.54532051086426, 15.256619270543473]"
"[226, 1.1868476867675781, 58.81237983703613, 1.9490718841552734, 2.507448196411133, 64.45574760437012, 15.514520227707354]"
"[227, 1.2712478637695312, 57.663917541503906, 1.9383430480957031, 2.4938583374023438, 63.367366790771484, 15.780993445756296]"
"[228, 1.0247230529785156, 59.53073501586914, 1.920938491821289, 2.4847984313964844, 64.96119499206543, 15.393805488371068]"
"[229, 1.252889633178711, 58.75277519226074, 1.9490718841552734, 2.495288848876953, 64.45002555847168, 15.515897648368803]"
"[230, 1.2867450714111328, 59.38267707824707, 1.9371509552001953, 2.496004104614258, 65.10257720947266, 15.360375009155497]"
"[231, 1.2493133544921875, 61.68556213378906, 1.9259452819824219, 2.5129318237304688, 67.37375259399414, 14.842575357590256]"
"[232, 1.6121864318847656, 58.503150939941406, 1.9221305847167969, 2.535581588745117, 64.57304954528809, 15.486336901258682]"
"[233, 1.3747215270996094, 57.95884132385254, 1.9261837005615234, 2.4824142456054688, 63.74216079711914, 15.688203655079034]"
"[234, 1.4297962188720703, 59.311866760253906, 1.947164535522461, 2.499103546142578, 65.18793106079102, 15.340262894176682]"
"[235, 1.3442039489746094, 60.31227111816406, 1.981973648071289, 2.4919509887695312, 66.13039970397949, 15.121638527459611]"
"[236, 1.2493133544921875, 59.031009674072266, 1.9257068634033203, 2.4797916412353516, 64.68582153320312, 15.459338326354898]"
"[237, 1.077890396118164, 62.744140625, 1.9288063049316406, 2.4776458740234375, 68.22848320007324, 14.65663536836367]"
"[238, 1.2822151184082031, 58.36057662963867, 1.922607421875, 2.4831295013427734, 64.04852867126465, 15.613161156794062]"
"[239, 1.1954307556152344, 58.48193168640137, 1.9202232360839844, 2.4871826171875, 64.08476829528809, 15.604331990282413]"
"[240, 1.1529922485351562, 58.527469635009766, 1.9268989562988281, 2.4890899658203125, 64.09645080566406, 15.6014878738283]"
"[241, 1.188516616821289, 58.28547477722168, 1.9381046295166016, 2.485513687133789, 63.89760971069336, 15.650037685723454]"
"[242, 1.323699951171875, 57.57927894592285, 1.9299983978271484, 2.460002899169922, 63.2929801940918, 15.799540437714242]"
"[243, 0.92315673828125, 57.569265365600586, 1.9114017486572266, 2.4912357330322266, 62.89505958557129, 15.899500001895369]"
"[244, 1.4712810516357422, 58.289527893066406, 1.9352436065673828, 6.211519241333008, 67.90757179260254, 14.72589835864127]"
"[245, 1.2066364288330078, 56.69450759887695, 1.9290447235107422, 2.5207996368408203, 62.35098838806152, 16.038238139485085]"
"[246, 1.2471675872802734, 56.21981620788574, 1.9195079803466797, 2.6397705078125, 62.026262283325195, 16.12220313118617]"
"[247, 1.3077259063720703, 55.107831954956055, 1.9593238830566406, 2.5136470794677734, 60.88852882385254, 16.423454783953638]"
"[248, 1.2218952178955078, 56.24866485595703, 1.9140243530273438, 2.4695396423339844, 61.85412406921387, 16.16707074989882]"
"[249, 0.9372234344482422, 56.72097206115723, 1.9147396087646484, 2.510547637939453, 62.08348274230957, 16.107343786602765]"
"[250, 1.5566349029541016, 59.484004974365234, 1.9373893737792969, 2.493619918823242, 65.47164916992188, 15.273786634038338]"
"[251, 1.2903213500976562, 58.18033218383789, 1.9307136535644531, 2.5129318237304688, 63.91429901123047, 15.645951148181858]"
"[252, 1.2819766998291016, 57.07049369812012, 1.9412040710449219, 2.5238990783691406, 62.81757354736328, 15.9191121772002]"
"[253, 1.2667179107666016, 59.47422981262207, 1.9307136535644531, 2.471446990966797, 65.14310836791992, 15.350817992167771]"
"[254, 1.211404800415039, 57.74378776550293, 1.970529556274414, 2.500772476196289, 63.42649459838867, 15.766281998270872]"
"[255, 1.3165473937988281, 59.0672492980957, 1.932382583618164, 2.504587173461914, 64.82076644897461, 15.427154826797313]"
"[256, 1.40380859375, 60.277462005615234, 1.9352436065673828, 2.481698989868164, 66.09821319580078, 15.12900200551155]"
"[257, 1.4069080352783203, 60.56499481201172, 1.9273757934570312, 2.5174617767333984, 66.41674041748047, 15.056445012420488]"
"[258, 1.317739486694336, 62.39438056945801, 1.9562244415283203, 2.4809837341308594, 68.14932823181152, 14.673658947869255]"
"[259, 1.0292530059814453, 57.445526123046875, 1.9712448120117188, 2.496004104614258, 62.9420280456543, 15.887635512390245]"
"[260, 1.2781620025634766, 57.85512924194336, 1.9478797912597656, 2.4988651275634766, 63.58003616333008, 15.728207474294457]"
"[261, 1.493692398071289, 57.84130096435547, 1.9495487213134766, 2.5005340576171875, 63.78507614135742, 15.67764844842151]"
"[262, 1.1336803436279297, 58.94041061401367, 1.9299983978271484, 2.4907588958740234, 64.49484825134277, 15.505114394608722]"
"[263, 1.2772083282470703, 58.73537063598633, 1.9326210021972656, 2.469778060913086, 64.41497802734375, 15.524339689683762]"
"[264, 1.2772083282470703, 58.22563171386719, 1.9640922546386719, 2.62451171875, 64.09144401550293, 15.602706653919553]"
"[265, 1.1782646179199219, 55.890560150146484, 1.9075870513916016, 2.5081634521484375, 61.484575271606445, 16.264241813211314]"
"[266, 1.2707710266113281, 53.41744422912598, 1.9500255584716797, 2.5146007537841797, 59.152841567993164, 16.905358618326918]"
"[267, 0.8668899536132812, 54.379940032958984, 1.9257068634033203, 2.496004104614258, 59.668540954589844, 16.759250083910047]"
"[268, 1.2323856353759766, 57.98196792602539, 1.9292831420898438, 2.6361942291259766, 63.77983093261719, 15.678937767277729]"
"[269, 1.0373592376708984, 56.517601013183594, 1.9233226776123047, 2.5327205657958984, 62.011003494262695, 16.126170254485896]"
"[270, 1.1777877807617188, 54.901838302612305, 1.955270767211914, 2.4971961975097656, 60.5320930480957, 16.520162275000985]"
"[271, 1.2447834014892578, 54.411888122558594, 1.9216537475585938, 4.696846008300781, 62.27517127990723, 16.057763944242172]"
"[272, 1.2700557708740234, 55.17101287841797, 1.9271373748779297, 2.4976730346679688, 60.86587905883789, 16.429566375494534]"
"[273, 1.233816146850586, 54.16059494018555, 1.9431114196777344, 2.470731735229492, 59.80825424194336, 16.720100137928835]"
"[274, 0.8866786956787109, 55.79066276550293, 1.9164085388183594, 2.7005672454833984, 61.2943172454834, 16.314726143290013]"
"[275, 1.2469291687011719, 58.919668197631836, 1.9648075103759766, 2.488374710083008, 64.61977958679199, 15.475137897319534]"
"[276, 1.1951923370361328, 59.96084213256836, 1.9240379333496094, 2.4900436401367188, 65.57011604309082, 15.250849935095866]"
"[277, 1.3000965118408203, 69.81348991394043, 1.9259452819824219, 2.6009082794189453, 75.64043998718262, 13.220441342877585]"
"[278, 2.999544143676758, 99.34568405151367, 2.1533966064453125, 2.5157928466796875, 107.01441764831543, 9.344535268942256]"
"[279, 1.1546611785888672, 59.11660194396973, 1.932382583618164, 2.511739730834961, 64.71538543701172, 15.452276042971455]"
"[280, 1.1391639709472656, 59.18455123901367, 1.9435882568359375, 2.491474151611328, 64.7587776184082, 15.441922111200288]"
"[281, 1.3620853424072266, 62.04843521118164, 1.9347667694091797, 2.4695396423339844, 67.81482696533203, 14.746037772996386]"
"[282, 1.2307167053222656, 61.0048770904541, 1.9378662109375, 2.497434616088867, 66.67089462280273, 14.999048770195753]"
"[283, 1.161813735961914, 60.23073196411133, 1.9235610961914062, 2.4907588958740234, 65.80686569213867, 15.195982812466035]"
"[284, 1.3508796691894531, 60.49013137817383, 1.932382583618164, 2.485513687133789, 66.25890731811523, 15.092310460220935]"
"[285, 1.36566162109375, 60.34684181213379, 1.9257068634033203, 2.4566650390625, 66.09487533569336, 15.129766035884598]"
"[286, 1.299142837524414, 56.23602867126465, 1.912832260131836, 2.4814605712890625, 61.92946434020996, 16.147402704898152]"
"[287, 1.50299072265625, 57.155609130859375, 1.9359588623046875, 2.515077590942383, 63.109636306762695, 15.845440704795221]"
"[288, 1.2383460998535156, 54.14080619812012, 1.9314289093017578, 2.505779266357422, 59.81636047363281, 16.71783425273429]"
"[289, 1.0256767272949219, 56.61630630493164, 1.9409656524658203, 2.480030059814453, 62.062978744506836, 16.11266523504577]"
"[290, 1.3432502746582031, 56.458234786987305, 1.9419193267822266, 2.5148391723632812, 62.258243560791016, 16.06212997357638]"
"[291, 1.2845993041992188, 52.10471153259277, 1.9044876098632812, 2.480745315551758, 57.77454376220703, 17.308661131377825]"
"[292, 1.3208389282226562, 51.69939994812012, 1.9373893737792969, 2.464771270751953, 57.42239952087402, 17.4148069106113]"
"[293, 1.45721435546875, 50.95076560974121, 1.9335746765136719, 2.996206283569336, 57.33776092529297, 17.440513613758462]"
"[294, 0.91552734375, 50.4605770111084, 1.8508434295654297, 2.594470977783203, 55.82141876220703, 17.914270582406505]"
"[295, 1.2562274932861328, 53.03549766540527, 1.9276142120361328, 2.4924278259277344, 58.71176719665527, 17.03236076424844]"
"[296, 0.9984970092773438, 51.549673080444336, 1.9407272338867188, 2.650022506713867, 57.138919830322266, 17.501205885052865]"
"[297, 0.9360313415527344, 52.8874397277832, 1.8448829650878906, 2.478361129760742, 58.14671516418457, 17.19787604813744]"
"[298, 1.1937618255615234, 55.39512634277344, 1.924276351928711, 2.475261688232422, 60.988426208496094, 16.396553611358698]"
"[299, 1.1181831359863281, 55.30571937561035, 1.9216537475585938, 2.5069713592529297, 60.8525276184082, 16.433171129238268]"
"[300, 1.2786388397216797, 55.017948150634766, 1.9500255584716797, 2.5131702423095703, 60.759782791137695, 16.458255017755892]"
"[301, 1.4941692352294922, 52.75678634643555, 1.8820762634277344, 2.617359161376953, 58.75039100646973, 17.021163312596126]"
"[302, 0.934600830078125, 53.34734916687012, 1.9960403442382812, 2.516508102416992, 58.794498443603516, 17.008394092505334]"
"[303, 1.161813735961914, 51.62501335144043, 1.9488334655761719, 2.52532958984375, 57.260990142822266, 17.463896406711914]"
"[304, 1.1742115020751953, 50.33612251281738, 1.9249916076660156, 2.593517303466797, 56.02884292602539, 17.847950230210806]"
"[305, 0.8993148803710938, 50.55379867553711, 1.850128173828125, 2.542734146118164, 55.84597587585449, 17.906393152176232]"
"[306, 1.2044906616210938, 52.17170715332031, 1.9404888153076172, 2.5436878204345703, 57.860374450683594, 17.282985281271117]"
"[307, 1.2497901916503906, 50.06718635559082, 1.9309520721435547, 2.621889114379883, 55.86981773376465, 17.898751786971644]"
"[308, 0.8304119110107422, 49.59678649902344, 1.8494129180908203, 2.5000572204589844, 54.776668548583984, 18.25594776931447]"
"[309, 1.1453628540039062, 50.76885223388672, 1.9388198852539062, 2.5501251220703125, 56.403160095214844, 17.729503068833168]"
"[310, 1.2273788452148438, 50.833940505981445, 1.9462108612060547, 2.6035308837890625, 56.611061096191406, 17.664392446218898]"
"[311, 0.8378028869628906, 51.380157470703125, 1.8460750579833984, 2.5093555450439453, 56.57339096069336, 17.676154513962054]"
"[312, 1.161336898803711, 52.92391777038574, 1.9457340240478516, 3.8149356842041016, 59.845924377441406, 16.709575637818112]"
"[313, 1.2464523315429688, 52.52194404602051, 1.9321441650390625, 2.5103092193603516, 58.21084976196289, 17.17892805360551]"
"[314, 1.2066364288330078, 53.62081527709961, 1.9316673278808594, 2.4955272674560547, 59.25464630126953, 16.876313714129367]"
"[315, 1.1513233184814453, 53.44104766845703, 1.9288063049316406, 2.5882720947265625, 59.10944938659668, 16.91776882338468]"
"[316, 0.8931159973144531, 53.79462242126465, 1.8470287322998047, 2.5196075439453125, 59.05437469482422, 16.9335465013]"
"[317, 1.5091896057128906, 53.69138717651367, 1.9257068634033203, 2.501249313354492, 59.627532958984375, 16.77077602200755]"
"[318, 1.2619495391845703, 51.854848861694336, 1.9266605377197266, 2.6149749755859375, 57.65843391418457, 17.343516500783586]"
"[319, 0.8645057678222656, 62.8817081451416, 1.8396377563476562, 2.5327205657958984, 68.11857223510742, 14.680284204263064]"
"[320, 1.535177230834961, 59.227705001831055, 1.9657611846923828, 2.5072097778320312, 65.23585319519043, 15.3289939660623]"
"[321, 1.3930797576904297, 51.13935470581055, 1.9233226776123047, 2.504110336303711, 56.95986747741699, 17.556220621413352]"
"[322, 1.3768672943115234, 50.380706787109375, 1.9199848175048828, 2.588510513305664, 56.266069412231445, 17.77270050043009]"
"[323, 0.8916854858398438, 49.90267753601074, 1.8482208251953125, 2.5091171264648438, 55.15170097351074, 18.13180704037212]"
"[324, 1.544952392578125, 54.3825626373291, 1.9304752349853516, 2.5086402893066406, 60.36663055419922, 16.565443371933206]"
"[325, 1.2364387512207031, 54.024457931518555, 1.9207000732421875, 2.500295639038086, 59.68189239501953, 16.75550087087135]"
"[326, 0.9973049163818359, 51.73492431640625, 1.9342899322509766, 2.521514892578125, 57.18803405761719, 17.48617549944969]"
"[327, 1.0066032409667969, 52.358150482177734, 1.9075870513916016, 2.512693405151367, 57.7850341796875, 17.305518880380248]"
"[328, 1.2547969818115234, 51.56970024108887, 1.9404888153076172, 2.797365188598633, 57.56235122680664, 17.372466181233793]"
"[329, 0.8869171142578125, 52.64925956726074, 1.9249916076660156, 2.503633499145508, 57.96480178833008, 17.25184886600143]"
"[330, 1.096487045288086, 53.04598808288574, 1.9311904907226562, 2.5069713592529297, 58.580636978149414, 17.070486966077205]"
"[331, 1.1641979217529297, 52.01411247253418, 1.943826675415039, 4.975318908691406, 60.097455978393555, 16.639639460936973]"
"[332, 1.0192394256591797, 51.46527290344238, 1.9316673278808594, 2.512693405151367, 56.92887306213379, 17.565778948558698]"
"[333, 1.2211799621582031, 50.82893371582031, 1.9650459289550781, 2.599954605102539, 56.61511421203613, 17.66312783994003]"
"[334, 0.8170604705810547, 50.8885383605957, 1.8496513366699219, 2.488851547241211, 56.04410171508789, 17.84309087660487]"
"[335, 1.1746883392333984, 51.596879959106445, 1.9230842590332031, 2.557992935180664, 57.25264549255371, 17.466441793158015]"
"[336, 1.2295246124267578, 51.57876014709473, 1.9259452819824219, 2.5796890258789062, 57.31391906738281, 17.44776864454724]"
"[337, 0.850677490234375, 50.45437812805176, 1.8494129180908203, 2.499818801879883, 55.654287338256836, 17.96806765168294]"
"[338, 1.2040138244628906, 51.48148536682129, 1.9221305847167969, 2.523660659790039, 57.131290435791016, 17.50354302120805]"
"[339, 1.2040138244628906, 48.70963096618652, 1.9316673278808594, 2.5217533111572266, 54.3670654296875, 18.393488633174293]"
"[340, 1.2080669403076172, 49.41582679748535, 1.9299983978271484, 2.504587173461914, 55.05847930908203, 18.162506711932515]"
"[341, 1.283884048461914, 48.57301712036133, 1.9359588623046875, 2.5823116302490234, 54.37517166137695, 18.390746538282777]"
"[342, 0.8137226104736328, 49.361228942871094, 1.847982406616211, 2.5320053100585938, 54.55493927001953, 18.33014596626169]"
"[343, 1.1000633239746094, 50.41956901550293, 1.9185543060302734, 2.5115013122558594, 55.94968795776367, 17.873200664763285]"
"[344, 1.1758804321289062, 47.86992073059082, 1.920461654663086, 2.607583999633789, 53.5738468170166, 18.66582408046105]"
"[345, 0.8075237274169922, 48.3098030090332, 1.844644546508789, 2.6657581329345703, 53.627729415893555, 18.647069545771814]"
"[346, 1.0941028594970703, 48.08688163757324, 1.8491744995117188, 2.523183822631836, 53.55334281921387, 18.672970674787084]"
"[347, 1.1281967163085938, 52.46996879577637, 1.9223690032958984, 2.500295639038086, 58.020830154418945, 17.235189454176375]"
"[348, 1.230478286743164, 50.818443298339844, 1.9576549530029297, 2.5734901428222656, 56.5800666809082, 17.67406895505533]"
"[349, 0.7977485656738281, 50.51469802856445, 1.851797103881836, 2.5148391723632812, 55.6790828704834, 17.960065943006402]"
"[350, 1.1854171752929688, 52.75392532348633, 1.9316673278808594, 2.5238990783691406, 58.3949089050293, 17.12478054596082]"
"[351, 1.2254714965820312, 53.15732955932617, 1.9221305847167969, 2.496004104614258, 58.80093574523926, 17.006532078547128]"
"[352, 0.8585453033447266, 52.46996879577637, 2.1903514862060547, 2.498149871826172, 58.01701545715332, 17.23632269120288]"
"[353, 1.1239051818847656, 52.79946327209473, 1.941680908203125, 2.583742141723633, 58.44879150390625, 17.108993603968152]"
"[354, 1.0941028594970703, 52.904367446899414, 1.9352436065673828, 2.509593963623047, 58.443307876586914, 17.110598909145796]"
"[355, 0.81634521484375, 52.65641212463379, 1.9152164459228516, 2.50244140625, 57.89041519165039, 17.274016720892877]"
"[356, 1.207113265991211, 53.22742462158203, 1.9173622131347656, 2.965688705444336, 59.317588806152344, 16.858406083699094]"
"[357, 1.3387203216552734, 53.56335639953613, 1.9555091857910156, 2.493143081665039, 59.35072898864746, 16.848992708940084]"
"[358, 0.8058547973632812, 53.278207778930664, 1.9207000732421875, 2.510547637939453, 58.515310287475586, 17.089544515566494]"
"[359, 1.1644363403320312, 53.95150184631348, 1.9407272338867188, 3.1244754791259766, 60.1811408996582, 16.61650120038983]"
"[360, 1.1882781982421875, 62.17217445373535, 1.953125, 2.5391578674316406, 67.85273551940918, 14.737799328870851]"
"[361, 1.1403560638427734, 57.817697525024414, 1.9245147705078125, 2.4957656860351562, 63.378334045410156, 15.778262635990188]"
"[362, 2.4378299713134766, 56.351423263549805, 1.9595623016357422, 2.6082992553710938, 63.35711479187012, 15.783547014175562]"
"[363, 1.3751983642578125, 55.48357963562012, 1.9218921661376953, 2.4814605712890625, 61.26213073730469, 16.323297736542234]"
"[364, 1.3554096221923828, 54.46982383728027, 1.922607421875, 2.489328384399414, 60.23716926574707, 16.601045702999766]"
"[365, 1.325845718383789, 56.763648986816406, 1.9335746765136719, 2.4836063385009766, 62.506675720214844, 15.998291198144729]"
"[366, 1.9445419311523438, 57.32989311218262, 1.9519329071044922, 2.4938583374023438, 63.7202262878418, 15.693604029005245]"
"[367, 1.2574195861816406, 55.66859245300293, 1.9261837005615234, 2.496957778930664, 61.34915351867676, 16.30014340288438]"
"[368, 1.4238357543945312, 55.59277534484863, 1.9443035125732422, 2.4979114532470703, 61.45882606506348, 16.271055990255142]"
"[369, 1.2633800506591797, 55.443525314331055, 1.9295215606689453, 3.6149024963378906, 62.25132942199707, 16.06391396432798]"
"[370, 1.3260841369628906, 55.60636520385742, 1.934051513671875, 2.516508102416992, 61.38300895690918, 16.29115315448285]"
"[371, 1.270294189453125, 56.745290756225586, 1.9450187683105469, 2.499103546142578, 62.459707260131836, 16.010321595572098]"
"[372, 1.1630058288574219, 56.69808387756348, 1.9152164459228516, 2.472400665283203, 62.24870681762695, 16.06459075414608]"
"[373, 0.9591579437255859, 59.763431549072266, 1.9125938415527344, 2.477407455444336, 65.11259078979492, 15.358012757138358]"
"[374, 1.2292861938476562, 58.0751895904541, 1.936197280883789, 2.4728775024414062, 63.71355056762695, 15.69524835911598]"
"[375, 1.2927055358886719, 57.478904724121094, 1.934051513671875, 2.519369125366211, 63.22503089904785, 15.816520542262948]"
"[376, 1.1839866638183594, 56.44369125366211, 1.9347667694091797, 2.530813217163086, 62.093257904052734, 16.104808054124206]"
"[377, 1.3530254364013672, 57.82675743103027, 1.920938491821289, 2.494335174560547, 63.59505653381348, 15.724492665059591]"
"[378, 1.2366771697998047, 61.7830753326416, 1.920461654663086, 2.518177032470703, 67.4583911895752, 14.823952696851993]"
"[379, 0.9682178497314453, 58.69746208190918, 1.9385814666748047, 2.479076385498047, 64.08333778381348, 15.60468032070242]"
"[380, 1.2602806091308594, 107.78355598449707, 1.9180774688720703, 2.9544830322265625, 113.91639709472656, 8.77836751778987]"
"[381, 1.8565654754638672, 60.31942367553711, 2.188444137573242, 2.519369125366211, 66.88380241394043, 14.951303064545451]"
"[382, 1.3873577117919922, 61.0198974609375, 1.9326210021972656, 2.4967193603515625, 66.83659553527832, 14.961863212679207]"
"[383, 1.2912750244140625, 61.47003173828125, 1.9445419311523438, 2.4955272674560547, 67.20137596130371, 14.880647690544697]"
"[384, 1.1930465698242188, 61.16938591003418, 1.9464492797851562, 2.493143081665039, 66.8020248413086, 14.969606121604066]"
"[385, 1.2238025665283203, 60.53352355957031, 1.922607421875, 2.4912357330322266, 66.17116928100586, 15.1123217386918]"
"[386, 1.2125968933105469, 57.03902244567871, 1.917123794555664, 2.480030059814453, 62.648773193359375, 15.962004505875905]"
"[387, 1.329660415649414, 56.49900436401367, 1.9249916076660156, 2.4907588958740234, 62.244415283203125, 16.06569835141264]"
"[388, 1.329660415649414, 52.46686935424805, 1.9390583038330078, 2.4862289428710938, 58.22181701660156, 17.175692055692057]"
"[389, 0.8137226104736328, 51.69177055358887, 1.9292831420898438, 2.4924278259277344, 56.92720413208008, 17.566293923022155]"
"[390, 1.1935234069824219, 53.293704986572266, 1.9271373748779297, 4.828691482543945, 61.24305725097656, 16.328381450683608]"
"[391, 1.2350082397460938, 51.60951614379883, 1.9795894622802734, 2.516031265258789, 57.340145111083984, 17.439788442507755]"
"[392, 1.1782646179199219, 52.30879783630371, 1.9502639770507812, 2.504110336303711, 57.941436767578125, 17.258805714661925]"
"[393, 1.302957534790039, 52.31308937072754, 1.935720443725586, 2.513408660888672, 58.065176010131836, 17.22202650045372]"
"[394, 0.9989738464355469, 52.307844161987305, 1.8780231475830078, 2.5262832641601562, 57.711124420166016, 17.32768179527221]"
"[395, 1.3508796691894531, 52.54030227661133, 1.9366741180419922, 2.483844757080078, 58.31170082092285, 17.149216811065635]"
"[396, 1.3391971588134766, 54.51393127441406, 1.9373893737792969, 2.5980472564697266, 60.38856506347656, 16.559426423675816]"
"[397, 0.9891986846923828, 53.38883399963379, 1.9404888153076172, 2.5103092193603516, 58.82883071899414, 16.998468060272508]"
"[398, 1.3127326965332031, 53.267717361450195, 1.943826675415039, 2.4843215942382812, 59.00859832763672, 16.946682828282828]"
"[399, 1.2409687042236328, 52.33120918273926, 1.920938491821289, 2.500295639038086, 57.993412017822266, 17.243337910393763]"
"[400, 0.8146762847900391, 56.656837463378906, 1.8444061279296875, 2.6252269744873047, 61.94114685058594, 16.144357197844496]"
"[401, 1.3608932495117188, 55.98783493041992, 1.9426345825195312, 2.490520477294922, 61.781883239746094, 16.185974715588966]"
"[402, 1.592874526977539, 54.92758750915527, 1.9376277923583984, 3.124237060546875, 61.582326889038086, 16.238425056621306]"
"[403, 1.2402534484863281, 54.11839485168457, 1.9447803497314453, 2.570629119873047, 59.87405776977539, 16.70172420658623]"
"[404, 1.051187515258789, 59.08012390136719, 1.9414424896240234, 2.485036849975586, 64.55779075622559, 15.489997230172653]"
"[405, 0.8649826049804688, 54.63266372680664, 1.9030570983886719, 2.5169849395751953, 59.91768836975098, 16.68956241817972]"
"[406, 1.1203289031982422, 54.68297004699707, 1.9140243530273438, 3.258943557739258, 60.976266860961914, 16.39982326698025]"
"[407, 2.7146339416503906, 57.941436767578125, 1.9986629486083984, 2.483367919921875, 65.13810157775879, 15.35199792100553]"
"[408, 1.1668205261230469, 54.25286293029785, 1.9288063049316406, 2.6924610137939453, 60.040950775146484, 16.655299209784378]"
"[409, 1.3022422790527344, 56.67400360107422, 1.9237995147705078, 2.514362335205078, 62.41440773010254, 16.021941669690776]"
"[410, 2.2749900817871094, 55.49812316894531, 1.951456069946289, 2.4995803833007812, 62.22414970397949, 16.070930736013672]"
"[411, 1.2159347534179688, 54.7184944152832, 1.949310302734375, 2.4993419647216797, 60.38308143615723, 16.560930250922947]"
"[412, 1.2390613555908203, 54.004669189453125, 1.9490718841552734, 2.5441646575927734, 59.73696708679199, 16.74005308215761]"
"[413, 1.1730194091796875, 56.220054626464844, 1.9259452819824219, 2.464771270751953, 61.783790588378906, 16.185475032800802]"
"[414, 1.341104507446289, 54.92663383483887, 1.9619464874267578, 3.2198429107666016, 61.449527740478516, 16.273518068736468]"
"[415, 1.2118816375732422, 55.12809753417969, 1.9333362579345703, 2.5899410247802734, 60.86325645446777, 16.430274327304634]"
"[416, 1.2412071228027344, 55.249929428100586, 1.9571781158447266, 2.5093555450439453, 60.95767021179199, 16.404826439816173]"
"[417, 1.5873908996582031, 54.54206466674805, 1.9466876983642578, 2.542257308959961, 60.61840057373047, 16.496641127700077]"
"[418, 1.2612342834472656, 53.965091705322266, 2.1882057189941406, 2.516031265258789, 59.93056297302246, 16.6859770773411]"
"[419, 1.1448860168457031, 53.43365669250488, 1.94549560546875, 2.5196075439453125, 59.04364585876465, 16.93662350038563]"
"[420, 1.070261001586914, 53.5886287689209, 1.9140243530273438, 2.5167465209960938, 59.08966064453125, 16.9234344738541]"
"[421, 1.2803077697753906, 55.39727210998535, 1.9567012786865234, 2.5489330291748047, 61.18321418762207, 16.34435217694577]"
"[422, 1.6548633575439453, 54.98671531677246, 1.9299983978271484, 2.4814605712890625, 61.05303764343262, 16.379201405838135]"
"[423, 1.3113021850585938, 53.89595031738281, 1.9383430480957031, 2.4716854095458984, 59.61728096008301, 16.773659984083373]"
"[424, 1.2774467468261719, 55.0386905670166, 1.94549560546875, 2.537965774536133, 60.799598693847656, 16.447476981475383]"
"[425, 1.2514591217041016, 55.30142784118652, 1.9459724426269531, 2.5370121002197266, 61.035871505737305, 16.383808002249975]"
"[426, 0.9186267852783203, 54.517269134521484, 1.9266605377197266, 2.481698989868164, 59.844255447387695, 16.7100416326368]"
"[427, 1.2536048889160156, 55.09638786315918, 1.9304752349853516, 2.5148391723632812, 60.79530715942383, 16.448638007168796]"
"[428, 1.2617111206054688, 56.14614486694336, 1.9640922546386719, 2.5081634521484375, 61.88011169433594, 16.16028110840551]"
"[429, 1.329183578491211, 57.0220947265625, 1.9257068634033203, 2.491474151611328, 62.76845932006836, 15.931568351882099]"
"[430, 1.341104507446289, 54.413557052612305, 1.9557476043701172, 2.5260448455810547, 60.236454010009766, 16.601242826043933]"
"[431, 1.3785362243652344, 56.82992935180664, 1.964569091796875, 2.515077590942383, 62.68811225891113, 15.951987768747172]"
"[432, 1.4257431030273438, 56.65159225463867, 1.943349838256836, 2.496004104614258, 62.51668930053711, 15.99572867962809]"
"[433, 1.295328140258789, 56.49065971374512, 1.9104480743408203, 2.511739730834961, 62.20817565917969, 16.07505748888548]"
"[434, 1.2242794036865234, 54.43549156188965, 1.9271373748779297, 2.4957656860351562, 60.08267402648926, 16.643733259260728]"
"[435, 1.0464191436767578, 53.5733699798584, 1.9309520721435547, 2.4671554565429688, 59.01789665222168, 16.944012862619626]"
"[436, 1.3508796691894531, 56.9307804107666, 1.9588470458984375, 2.6466846466064453, 62.88719177246094, 15.901489187467774]"
"[437, 1.1355876922607422, 55.13596534729004, 1.9421577453613281, 2.5131702423095703, 60.72688102722168, 16.467172084002403]"
"[438, 1.2404918670654297, 55.252790451049805, 1.9459724426269531, 2.5119781494140625, 60.95123291015625, 16.406559018650643]"
"[439, 1.4255046844482422, 54.593801498413086, 1.9443035125732422, 2.537250518798828, 60.5008602142334, 16.528690608017843]"
"[440, 1.3473033905029297, 56.10203742980957, 1.9352436065673828, 2.5625228881835938, 61.94710731506348, 16.142803810256904]"
"[441, 1.2218952178955078, 55.62138557434082, 1.9290447235107422, 2.508401870727539, 61.28072738647461, 16.31834416216006]"
"[442, 1.1420249938964844, 54.76832389831543, 1.9176006317138672, 2.527475357055664, 60.355424880981445, 16.568518935488587]"
"[443, 1.7673969268798828, 56.29682540893555, 1.9562244415283203, 2.5146007537841797, 62.53504753112793, 15.991032860448891]"
"[444, 1.3685226440429688, 55.8626651763916, 1.9180774688720703, 2.4950504302978516, 61.64431571960449, 16.22209587901994]"
"[445, 1.2831687927246094, 55.05728721618652, 1.9261837005615234, 2.526998519897461, 60.79363822937012, 16.44908956142862]"
"[446, 1.2135505676269531, 55.36961555480957, 1.9299983978271484, 2.531290054321289, 61.04445457458496, 16.38150438019208]"
"[447, 1.2285709381103516, 54.97598648071289, 1.928091049194336, 2.527475357055664, 60.66012382507324, 16.485294406647093]"
"[448, 1.1646747589111328, 53.79009246826172, 1.9419193267822266, 2.4755001068115234, 59.3721866607666, 16.842903322959543]"
"[449, 0.9229183197021484, 56.57458305358887, 1.9290447235107422, 2.6586055755615234, 62.08515167236328, 16.106910800141318]"
"[450, 0.9922981262207031, 54.41546440124512, 1.9273757934570312, 2.487659454345703, 59.822797775268555, 16.71603531076261]"
"[451, 1.3356208801269531, 53.72452735900879, 1.93023681640625, 2.4802684783935547, 59.47065353393555, 16.815016156319405]"
"[452, 1.9350051879882812, 52.17552185058594, 1.9428730010986328, 2.4993419647216797, 58.55274200439453, 17.078619476521656]"
"[453, 1.1353492736816406, 52.340030670166016, 1.9268989562988281, 2.5179386138916016, 57.920217514038086, 17.265128532323462]"
"[454, 1.3461112976074219, 51.423072814941406, 1.9495487213134766, 2.5141239166259766, 57.23285675048828, 17.472480962458135]"
"[455, 1.3899803161621094, 51.75423622131348, 1.8851757049560547, 2.4962425231933594, 57.525634765625, 17.383554376657823]"
"[456, 1.0094642639160156, 53.27153205871582, 1.9178390502929688, 2.526998519897461, 58.725833892822266, 17.02828097469084]"
"[457, 0.8037090301513672, 51.34844779968262, 1.8544197082519531, 2.5076866149902344, 56.51426315307617, 17.69464811549203]"
"[458, 1.2500286102294922, 50.788164138793945, 1.935720443725586, 2.5556087493896484, 56.52952194213867, 17.68987186949077]"
"[459, 0.8254051208496094, 51.35631561279297, 1.85394287109375, 2.4962425231933594, 56.53190612792969, 17.689125813961336]"
"[460, 0.8766651153564453, 51.572322845458984, 1.852273941040039, 2.525806427001953, 56.82706832885742, 17.59724774491294]"
"[461, 0.7917881011962891, 50.449371337890625, 1.8532276153564453, 2.5482177734375, 55.64260482788086, 17.97184015905254]"
"[462, 1.065969467163086, 51.3615608215332, 1.857757568359375, 2.535104751586914, 56.82039260864258, 17.599315212191907]"
"[463, 1.3892650604248047, 52.12235450744629, 1.9390583038330078, 2.5048255920410156, 57.95550346374512, 17.254616735847428]"
"[464, 1.2102127075195312, 50.366878509521484, 1.9371509552001953, 2.5892257690429688, 56.10346794128418, 17.824210101353504]"
"[465, 1.5058517456054688, 53.93695831298828, 1.8494129180908203, 2.887725830078125, 60.179948806762695, 16.616830353428707]"
"[466, 1.5306472778320312, 50.4608154296875, 1.8935203552246094, 2.652883529663086, 56.53786659240723, 17.687260950421063]"
"[467, 1.2788772583007812, 51.91469192504883, 1.9161701202392578, 5.149126052856445, 60.25886535644531, 16.595068527838446]"
"[468, 0.8389949798583984, 52.37221717834473, 1.8558502197265625, 4.740238189697266, 59.80730056762695, 16.720366753039666]"
"[469, 0.8373260498046875, 54.07428741455078, 1.8515586853027344, 2.5177001953125, 59.2808723449707, 16.868847580054858]"
"[470, 1.5082359313964844, 52.648305892944336, 1.8868446350097656, 2.4967193603515625, 58.54010581970215, 17.082305984890137]"
