frame,x,y,z
y,z,yaw,pitch,roll
"[1, -0.0, -0.0, -0.0, 0.0, 0.0, -0.0]"
"[2, -0.9845136529327314, 0.1635274199879019, -0.06317935917789759, 0.2809028131878655, 0.36258131012720285, 0.43025031491429316]"
"[3, -0.415176707008755, -0.41527695557904687, 0.520636496102083, 0.28090281318786836, 0.36258131012720285, 0.4302503149142989]"
"[4, 0.5332150607625651, -0.24991862212089438, 0.7912094346671933, 0.42995377207545116, 0.33538201986528765, 0.37718338963482534]"
"[5, 1.0829228725416842, 0.5783524368655613, 0.8997837077539, 0.42995377246230954, 0.335382019990029, 0.3771833857199533]"
"[6, 1.0895496555171247, 1.5783023344699043, 0.8922797977013807, 0.4299537724622775, 0.33538201999001627, 0.37718338572005833]"
"[7, 2.020431113419281, 1.3599760101895393, 1.1851847175549965, 0.36919349769783194, 0.4791027315259554, 0.49874014423507884]"
"[8, 1.287253799994691, 1.334859158093371, 1.8647581942057911, 0.3691934976972355, 0.4791027315266678, 0.498740144233646]"
"[9, 1.2784955550751282, 0.33491830044241255, 1.8712015662709007, 0.369193497695505, 0.47910273152648974, 0.4987401442395811]"
"[10, 1.3781768353331023, -0.6596086080052369, 1.902504857801624, 0.3544354016758419, 0.4798250975502108, 0.5592554281236645]"
"[11, 2.339084105481893, -0.6484362946659465, 2.179149737815256, 0.41222430855159164, 0.5355691573905782, 0.6395778597534783]"
"[12, 1.7736281875795168, -0.06890676205646273, 1.592289330238351, 0.41222430855159714, 0.535569157390591, 0.6395778597534781]"
"[13, 1.5416108943733366, -0.09027204512112705, 2.5647663196017647, 0.38548013808737336, 1.2527432738116548, 0.6561183808267635]"
"[14, 0.7910300119638867, -0.024020463418648746, 1.907317432831034, 0.3854801380875134, 1.252743273811604, 0.6561183808267448]"
"[15, 1.7509542592293772, -0.21883208990624878, 2.1087966957708657, 0.23037581128039136, 1.0927742907316387, 0.7688692464569572]"
"[16, 1.522719678325121, 0.5124311568885654, 2.751574253876002, 0.30504794231956484, 1.2965574462779217, 0.5636383046260897]"
"[17, 0.5779177198562047, 0.659684084171981, 2.4588869835963663, 0.19756100127404463, 0.9484602611952129, 0.742648855565846]"
"[18, 1.5258759135965185, 0.4510036870803375, 2.6993610281912335, 0.13723076575017037, 0.24139507104372404, 1.0442580416307068]"
"[19, 2.2908315515866806, -0.1452843184933142, 2.942843067950965, 0.1372307657502152, 0.2413950710437495, 1.0442580416307594]"
"[20, 1.2954615694128329, -0.17412863392162278, 2.8511555751648054, 0.1342420778349186, 0.11313595635609935, 1.0422850069989587]"
"[21, 1.3979523486670424, -0.20453177456467198, 3.845424791768112, 0.1826595063788103, 0.0947244910861636, 1.0533422172140765]"
"[22, 1.6311339022123077, -0.8617008124146662, 4.562191989804527, 0.21694342891829643, -0.009462663927758939, 0.9503310302200889]"
"[23, 2.588675062125516, -0.8131927807476109, 4.84637833389174, 0.3893659567202354, 0.27705602029774845, 0.32407180803276814]"
"[24, 3.556065569455484, -1.0578549768767602, 4.911922617149868, 0.11367738626925086, 0.20138658235417795, 0.17187174057090976]"
"[25, 3.556065569455484, -1.0578549768767602, 4.911922617149868, 0.11367738626925086, 0.20138658235417795, 0.17187174057090976]"
"[26, 3.556065569455484, -1.0578549768767602, 4.911922617149868, 0.11367738626925086, 0.20138658235417795, 0.17187174057090976]"
"[27, 3.556065569455484, -1.0578549768767602, 4.911922617149868, 0.11367738626925086, 0.20138658235417795, 0.17187174057090976]"
"[28, 3.556065569455484, -1.0578549768767602, 4.911922617149868, 0.11367738626925086, 0.20138658235417795, 0.17187174057090976]"
"[29, 3.556065569455484, -1.0578549768767602, 4.911922617149868, 0.11367738626925086, 0.20138658235417795, 0.17187174057090976]"
"[30, 3.556065569455484, -1.0578549768767602, 4.911922617149868, 0.11367738626925086, 0.20138658235417795, 0.17187174057090976]"
"[31, 4.550958035954217, -1.1286837091805804, 4.983841233447461, -0.2910168661000811, -1.279235252818195, 0.39721840672166203]"
"[32, 3.711506400391272, -1.023584602987495, 4.450666644366226, 0.19000429024127893, -1.8427948964416951, 0.4329794143920407]"
"[33, 4.704089320366847, -1.1006061260768463, 4.544724355359472, 0.08257282986368318, -2.270929602065638, 1.1258048824091904]"
"[34, 5.269761209972671, -1.7471619727052035, 4.032883695230903, 0.17958066005911608, -2.56058118111427, 2.212621973287208]"
"[35, 6.149930450756208, -1.5608613094124626, 4.469454580432586, 0.39106205006246864, -2.861873705865044, 2.557795998658866]"
"[36, 6.557184021113903, -1.7489277599692152, 3.5757121619264685, 0.2512343430526125, -6.197610388310103, 3.8006942863058812]"
"[37, 6.557184021113903, -1.7489277599692152, 3.5757121619264685, 0.2512343430526125, -6.197610388310103, 3.8006942863058812]"
"[38, 7.545260248838772, -1.886445015851901, 3.506470782524494, -0.031937791803026125, -7.429693878526406, 4.040373269715571]"
"[39, 8.398645940394674, -2.2782433495264103, 3.1626293952950957, -0.0351534595458329, -8.651833392797515, 4.502142029341059]"
"[40, 9.370590307565136, -2.3707961270103373, 2.9463932032361417, 0.06602667980490307, -9.533135008438364, 4.723782834475508]"
"[41, 10.340371887140288, -2.1408266519035046, 3.0278651992647516, -0.30050399595651495, -10.350263270894498, 4.5479002398504065]"
"[42, 11.332173216458434, -2.013037330351623, 3.0279336950013893, 0.06749876747018733, -11.933717079421184, 5.354190911211819]"
"[43, 11.102500593328436, -2.986296895312031, 3.0238988377411924, 1.880941954821032, -12.895089077403208, 11.384423545918512]"
"[44, 12.000771033085424, -3.275318991841716, 2.692875475847084, 2.0420556281686566, -14.419971769739925, 12.36579973105898]"
"[45, 12.847034081992222, -3.6871071648789724, 2.3548379900681464, 1.8769678429883891, -14.882114224259324, 12.670460368487229]"
"[46, 13.696330644505021, -3.1821773620254517, 2.20075602732605, 1.5067741784454036, -15.176981477051683, 12.670537012372455]"
"[47, 14.586267745057322, -3.632934495036541, 2.1312576534963013, 1.9957269455303606, -15.584985577632343, 13.094169205373923]"
"[48, 14.726870354595466, -4.327196695196775, 1.4254029235405818, 2.055369892976706, -15.781270079153645, 13.314361762359194]"
"[49, 15.624804050020265, -4.667659107372203, 1.1464756704651935, 2.15621274396272, -16.138081574964055, 13.910501601382574]"
"[50, 16.46619202229593, -4.918844129841436, 0.6679651133198978, 2.090016524591387, -17.03947387811738, 14.090355850158678]"
"[51, 17.392181074457284, -5.154203444564401, 0.37275288971748666, 2.2289862577516053, -17.84763831264745, 14.139741653965006]"
"[52, 18.183528718563625, -5.259709505197406, -0.22944092825458628, 1.9555949863151052, -18.614820052079345, 14.2468799957667]"
"[53, 19.08653914845938, -5.267771016487126, -0.6589838919099085, 1.9979088493658503, -18.909075271975478, 14.408509616707157]"
"[54, 18.25877051532122, -5.2630809573376816, -0.09793389637187944, 2.0511037510679113, -18.91537803816597, 14.541675020533509]"
"[55, 19.1115794284889, -5.135706085564583, -0.6043849565331794, 1.8622715918560342, -19.32326419303925, 14.501243602421132]"
"[56, 19.216950279892444, -6.069216177964018, -0.9471032066217195, 2.391761526830955, -19.782173190166354, 14.693793285172903]"
"[57, 19.788800636917195, -6.725504762280873, -1.4393150098280947, 2.3229310892197295, -19.798203521639042, 14.568139669275666]"
"[58, 20.71376717598353, -6.426532683329911, -1.673947876243664, 1.7468572364297739, -19.15139439620945, 13.510328264962096]"
"[59, 21.570421061153375, -6.756828438049207, -2.070241742610389, 1.625497441616776, -18.593922446174826, 12.666570955327195]"
"[60, 22.034366227005542, -6.971484551500152, -1.2107781480095012, 1.583367238833513, -18.119346499097986, 12.300050188911385]"
"[61, 22.81147800446752, -7.332355100288002, -1.7264036970621048, 1.4811642320648288, -18.500094676303235, 12.020962991772889]"
"[62, 23.767046331502552, -7.353473905063331, -2.0204158662063776, 1.1855787864982734, -19.646635348001105, 11.611226501104127]"
"[63, 24.594656774989506, -7.616033077664179, -2.516524331934084, 1.2473097418087267, -20.051701740978984, 11.882687841106078]"
"[64, 25.319387885185325, -8.108678261831843, -2.998256133745281, 1.6004301250501922, -19.77580827403484, 12.354459514174257]"
"[65, 26.156426691218368, -8.136909923091622, -3.5446708388343606, 1.8214323580136398, -18.87351902760128, 12.517021055390051]"
"[66, 25.981512728083516, -8.27185083322851, -4.5199636289693075, 2.076385447508891, -20.31020550263441, 12.83203297896339]"
"[67, 26.954510188204868, -8.338019988584072, -4.298835543576635, 2.070850132938059, -20.364206854495144, 13.02764527854288]"
"[68, 26.56903741945805, -8.19655216500202, -5.210645652791762, 1.9185708595397724, -22.144214893937924, 13.411078241853772]"
"[69, 26.903616322603636, -8.559908428139545, -4.341146307382988, 2.2380304568266483, -22.836534200275064, 14.153201328960629]"
"[70, 27.820061238933196, -8.58199764505261, -4.740697000304304, 2.5132458328800835, -23.609465658514985, 14.653478212346707]"
"[71, 28.266959397576922, -9.438602188134832, -4.48280046765674, 2.930465688245225, -23.696539044573292, 15.35493647669466]"
"[72, 29.219846392619004, -9.678684314011905, -4.668183720654596, 3.0032643025825214, -24.4667678138861, 15.020126978980736]"
"[73, 29.9398829560396, -9.764016343968311, -5.3568533744479625, 2.781295030369612, -25.263292281746875, 14.75608660084565]"
"[74, 30.736718982561012, -9.85425256863917, -5.954272633713566, 3.011260942238535, -27.088086100530383, 14.709248231790818]"
"[75, 30.736718982561012, -9.85425256863917, -5.954272633713566, 3.011260942238535, -27.088086100530383, 14.709248231790818]"
"[76, 31.50851422642902, -10.158612005632039, -6.512571341033915, 2.7850427930804704, -27.56500152553471, 14.150009991899553]"
"[77, 32.21422967202586, -10.314225454895732, -7.203766070838491, 2.7840164176233144, -28.29775932410738, 13.825773387789262]"
"[78, 32.87015667481366, -10.800603331140543, -7.780997683018913, 2.759130644381575, -28.396080032393183, 13.354425348773367]"
"[79, 33.66832704860342, -10.51569320752772, -7.250196182373123, 2.5810951010045486, -27.073017878175058, 12.52572218450935]"
"[80, 34.266929325388155, -10.409267725540474, -8.044141353295004, 2.855589068250667, -28.53998786221894, 13.112139790823768]"
"[81, 34.90867102603086, -10.677155529857604, -8.762753706321686, 2.723023940233931, -30.167299688717083, 12.858672141778747]"
"[82, 34.51458265152035, -10.423578345003683, -7.8793551648572056, 2.6316281429346926, -30.53361805260181, 12.885676257781318]"
"[83, 34.82250437076221, -10.832872178548664, -8.738228109627574, 2.90016894084035, -30.12564258310071, 12.922846697412206]"
"[84, 34.82250437076221, -10.832872178548664, -8.738228109627574, 2.90016894084035, -30.12564258310071, 12.922846697412206]"
"[85, 34.82250437076221, -10.832872178548664, -8.738228109627574, 2.90016894084035, -30.12564258310071, 12.922846697412206]"
"[86, 34.82250437076221, -10.832872178548664, -8.738228109627574, 2.90016894084035, -30.12564258310071, 12.922846697412206]"
"[87, 34.82250437076221, -10.832872178548664, -8.738228109627574, 2.90016894084035, -30.12564258310071, 12.922846697412206]"
"[88, 35.515517733817696, -10.645603838092741, -8.04205072813416, 2.4895025756303557, -29.540131376895378, 12.130342051763584]"
"[89, 35.515517733817696, -10.645603838092741, -8.04205072813416, 2.4895025756303557, -29.540131376895378, 12.130342051763584]"
"[90, 34.88765259848815, -10.311735506331889, -7.338973715766465, 2.562598962623203, -30.03718884175282, 11.876305185513008]"
"[91, 34.847837774126816, -11.300252160994427, -7.484746179869509, 2.717363039340317, -30.029606185988502, 12.050828588585608]"
"[92, 34.847837774126816, -11.300252160994427, -7.484746179869509, 2.717363039340317, -30.029606185988502, 12.050828588585608]"
"[93, 34.518726950965736, -11.332520527565377, -8.428485999248226, 2.994951252285987, -28.804784938015395, 11.986066572211373]"
"[94, 35.14030800797914, -11.69228198845029, -9.12433707467507, 3.0819892393318566, -28.066564045894168, 11.955754658349246]"
"[95, 35.58895565291909, -12.167519442735149, -9.881215335322924, 3.286320222735406, -28.05062964835558, 11.852873839882418]"
"[96, 35.58895565291909, -12.167519442735149, -9.881215335322924, 3.286320222735406, -28.05062964835558, 11.852873839882418]"
"[97, 35.58895565291909, -12.167519442735149, -9.881215335322924, 3.286320222735406, -28.05062964835558, 11.852873839882418]"
"[98, 35.58895565291909, -12.167519442735149, -9.881215335322924, 3.286320222735406, -28.05062964835558, 11.852873839882418]"
"[99, 35.58895565291909, -12.167519442735149, -9.881215335322924, 3.286320222735406, -28.05062964835558, 11.852873839882418]"
"[100, 35.58895565291909, -12.167519442735149, -9.881215335322924, 3.286320222735406, -28.05062964835558, 11.852873839882418]"
"[101, 36.333868907548265, -12.616198667960035, -10.374967473670994, 2.842565620939827, -29.546291741195912, 11.148970781861456]"
"[102, 36.333868907548265, -12.616198667960035, -10.374967473670994, 2.842565620939827, -29.546291741195912, 11.148970781861456]"
"[103, 35.7151480754486, -12.296055962814819, -9.657546308469092, 2.2822541366740685, -31.26297728939781, 10.6206742027409]"
"[104, 35.11248501141643, -12.012774601274335, -8.911524282273701, 1.8435464321242094, -32.46213710125227, 10.056885115400357]"
"[105, 35.657479338647384, -12.31286377559408, -9.694421249431523, 1.6747679398577182, -33.45964373609709, 10.21098864433609]"
"[106, 36.19052890293682, -12.578297376285674, -10.497791121879121, 1.8006548336917547, -34.1087345925632, 10.609033248994493]"
"[107, 37.06006317198109, -12.9547611201667, -10.817455217719495, 1.9183217940361403, -33.85414143338676, 10.59699092173064]"
"[108, 37.06006317198109, -12.9547611201667, -10.817455217719495, 1.9183217940361403, -33.85414143338676, 10.59699092173064]"
"[109, 37.06006317198109, -12.9547611201667, -10.817455217719495, 1.9183217940361403, -33.85414143338676, 10.59699092173064]"
"[110, 37.06006317198109, -12.9547611201667, -10.817455217719495, 1.9183217940361403, -33.85414143338676, 10.59699092173064]"
"[111, 37.06006317198109, -12.9547611201667, -10.817455217719495, 1.9183217940361403, -33.85414143338676, 10.59699092173064]"
"[112, 37.06006317198109, -12.9547611201667, -10.817455217719495, 1.9183217940361403, -33.85414143338676, 10.59699092173064]"
"[113, 37.97847018601111, -13.277573526299287, -11.046192330241706, 2.132727300528179, -32.82505362203003, 10.986513434871323]"
"[114, 37.97847018601111, -13.277573526299287, -11.046192330241706, 2.132727300528179, -32.82505362203003, 10.986513434871323]"
"[115, 37.97847018601111, -13.277573526299287, -11.046192330241706, 2.132727300528179, -32.82505362203003, 10.986513434871323]"
"[116, 37.97847018601111, -13.277573526299287, -11.046192330241706, 2.132727300528179, -32.82505362203003, 10.986513434871323]"
"[117, 37.97847018601111, -13.277573526299287, -11.046192330241706, 2.132727300528179, -32.82505362203003, 10.986513434871323]"
"[118, 37.97847018601111, -13.277573526299287, -11.046192330241706, 2.132727300528179, -32.82505362203003, 10.986513434871323]"
"[119, 37.97847018601111, -13.277573526299287, -11.046192330241706, 2.132727300528179, -32.82505362203003, 10.986513434871323]"
"[120, 37.97847018601111, -13.277573526299287, -11.046192330241706, 2.132727300528179, -32.82505362203003, 10.986513434871323]"
"[121, 37.97847018601111, -13.277573526299287, -11.046192330241706, 2.132727300528179, -32.82505362203003, 10.986513434871323]"
"[122, 37.97847018601111, -13.277573526299287, -11.046192330241706, 2.132727300528179, -32.82505362203003, 10.986513434871323]"
"[123, 38.79553738219062, -13.571515606696684, -11.54217556588633, 2.036726203681749, -33.94966543747078, 11.04698466853493]"
"[124, 38.79553738219062, -13.571515606696684, -11.54217556588633, 2.036726203681749, -33.94966543747078, 11.04698466853493]"
"[125, 38.72565057885974, -12.827829565746837, -12.207041627612357, -0.16844321713150895, -38.92759964603605, 6.405988426160585]"
"[126, 38.72565057885974, -12.827829565746837, -12.207041627612357, -0.16844321713150895, -38.92759964603605, 6.405988426160585]"
"[127, 39.62303970438433, -12.948416257092443, -12.631484342588063, -0.06172644618020198, -39.62097613337065, 6.712896675446119]"
"[128, 40.36708396656673, -12.475153170182342, -12.1598699680082, -1.1771237238039056, -36.232239503008486, 3.219142109101526]"
"[129, 40.955932791592915, -12.528847985670339, -11.353412352034063, -1.177123723802625, -36.23223950300595, 3.219142109103171]"
"[130, 41.85571303125561, -12.60581374440428, -11.782914188334173, -1.143710707152904, -36.743695494186504, 3.523494028523556]"
"[131, 42.45147291860436, -12.662495184200864, -10.981754212193692, -1.143710707153022, -36.74369549418664, 3.5234940285234635]"
"[132, 43.157948717398234, -12.883484265034305, -11.65410502071858, -1.1525973527904083, -37.29577567655826, 3.7664559336476264]"
"[133, 43.157948717398234, -12.883484265034305, -11.65410502071858, -1.1525973527904083, -37.29577567655826, 3.7664559336476264]"
"[134, 44.09068202163072, -13.075484945290395, -11.959300528870113, -1.038650009164333, -37.973496138596765, 4.294166695999646]"
"[135, 44.09068202163072, -13.075484945290395, -11.959300528870113, -1.038650009164333, -37.973496138596765, 4.294166695999646]"
"[136, 44.553453753464346, -13.134749319010087, -11.074806227489365, -0.6247101284664967, -34.24659239367867, 3.8052302722463693]"
"[137, 45.50293484455447, -13.326068406021173, -11.323568505895693, -0.7194778546980474, -35.33651971943016, 3.7554034673932746]"
"[138, 44.97683388409985, -13.665720395005195, -12.103218658161456, 0.96950502082212, -44.065518524331104, 7.420075624164545]"
"[139, 44.44560079591334, -13.31077209304495, -12.872506068467436, 0.4996028534238196, -45.733270264038005, 6.688073688471804]"
"[140, 45.15781434721364, -13.385508316074056, -12.17453300806913, 0.4996028534238153, -45.73327026403782, 6.688073688471791]"
"[141, 46.00615038265826, -13.458350751819573, -12.698956355607429, 0.2867748993285897, -45.986982208201034, 6.306437442532407]"
"[142, 46.716089968033494, -13.514106332019297, -13.401008413317037, -0.36593108906839766, -46.25935104403576, 5.7225398043020235]"
"[143, 46.04133881661034, -13.535429182651933, -12.663271173522492, 0.0022532455744524015, -47.193805300852475, 6.118991351556712]"
"[144, 46.870460201310365, -13.405735854224297, -13.20708857729978, 0.23180731263394014, -47.910845185703714, 6.282170857605216]"
"[145, 46.870460201310365, -13.405735854224297, -13.20708857729978, 0.23180731263394014, -47.910845185703714, 6.282170857605216]"
"[146, 47.436078569514706, -14.17318713879075, -12.905270234840128, 2.064884114328415, -46.87701454250323, 9.137083370477955]"
"[147, 48.28363226349788, -14.633631130278806, -12.641368573559191, 2.00512568081639, -47.45229059482822, 8.685711399280777]"
"[148, 48.81543244709657, -14.652143835505093, -13.488036050029859, 2.418409269988667, -48.51280013457156, 8.931888658655323]"
"[149, 48.81543244709657, -14.652143835505093, -13.488036050029859, 2.418409269988667, -48.51280013457156, 8.931888658655323]"
"[150, 48.81543244709657, -14.652143835505093, -13.488036050029859, 2.418409269988667, -48.51280013457156, 8.931888658655323]"
"[151, 49.28721678493278, -14.884810339505096, -14.338498166755466, 2.2749637201002386, -50.18881473751306, 9.039067256230505]"
"[152, 49.28721678493278, -14.884810339505096, -14.338498166755466, 2.2749637201002386, -50.18881473751306, 9.039067256230505]"
"[153, 48.54489935851661, -14.86458045151145, -13.668755243281579, 2.035319444180056, -51.99403720537799, 8.55355875616232]"
"[154, 48.069395742676015, -14.80182033483306, -12.791283040626713, 1.5629559500062555, -53.58271436515021, 8.146933778109009]"
"[155, 48.069395742676015, -14.80182033483306, -12.791283040626713, 1.5629559500062555, -53.58271436515021, 8.146933778109009]"
"[156, 48.069395742676015, -14.80182033483306, -12.791283040626713, 1.5629559500062555, -53.58271436515021, 8.146933778109009]"
"[157, 48.86955809309074, -14.888815692149333, -12.197842223508767, 1.562955950006257, -53.58271436515021, 8.146933778109007]"
"[158, 48.86955809309074, -14.888815692149333, -12.197842223508767, 1.562955950006257, -53.58271436515021, 8.146933778109007]"
"[159, 48.86955809309074, -14.888815692149333, -12.197842223508767, 1.562955950006257, -53.58271436515021, 8.146933778109007]"
"[160, 48.86955809309074, -14.888815692149333, -12.197842223508767, 1.562955950006257, -53.58271436515021, 8.146933778109007]"
"[161, 49.20482316129561, -14.313852727928017, -12.944176527083679, 1.2594372105199612, -55.063702292864235, 7.0395762680266385]"
"[162, 49.20482316129561, -14.313852727928017, -12.944176527083679, 1.2594372105199612, -55.063702292864235, 7.0395762680266385]"
"[163, 49.20482316129561, -14.313852727928017, -12.944176527083679, 1.2594372105199612, -55.063702292864235, 7.0395762680266385]"
"[164, 48.98316359746796, -14.498764760294826, -11.986745276082079, 1.4101831551428128, -56.57055256004864, 7.365695980560934]"
"[165, 49.81374604583261, -14.581318329492225, -11.436002378162513, 1.410183155142868, -56.57055256004877, 7.365695980561001]"
"[166, 50.49284964373166, -14.688192716701788, -12.162222866807273, 2.084879587525302, -56.821809143905874, 8.208079794759374]"
"[167, 51.17032228937145, -14.586548306738699, -12.890713917533134, 2.0848795875095107, -56.82180914390643, 8.208079794767823]"
"[168, 51.17032228937145, -14.586548306738699, -12.890713917533134, 2.0848795875095107, -56.82180914390643, 8.208079794767823]"
"[169, 50.54119973226945, -14.848042437993396, -13.622715023909702, 1.9890263609579992, -58.74339312932003, 8.257691002724892]"
"[170, 50.54119973226945, -14.848042437993396, -13.622715023909702, 1.9890263609579992, -58.74339312932003, 8.257691002724892]"
"[171, 50.54119973226945, -14.848042437993396, -13.622715023909702, 1.9890263609579992, -58.74339312932003, 8.257691002724892]"
"[172, 50.54119973226945, -14.848042437993396, -13.622715023909702, 1.9890263609579992, -58.74339312932003, 8.257691002724892]"
"[173, 50.54119973226945, -14.848042437993396, -13.622715023909702, 1.9890263609579992, -58.74339312932003, 8.257691002724892]"
"[174, 51.38866481901291, -14.60095768665522, -14.092557622768346, 2.5128920658554628, -59.40199576943014, 8.151583183578706]"
"[175, 50.519936297089245, -14.508980507401048, -13.60588427865758, 2.1760686774631317, -60.24097376244869, 7.6763935251616795]"
"[176, 51.106882471822615, -14.293035867626184, -14.38618042150175, 1.3227957707643667, -59.65596075632942, 6.942127161350498]"
"[177, 50.6986972767994, -15.16386133343291, -14.660129022087078, 1.32279577076459, -59.6559607563295, 6.942127161350742]"
"[178, 51.43428271013193, -15.286911111240988, -15.326291751062579, 1.5869142985952962, -60.69911173083101, 6.287369675285073]"
"[179, 51.97573915020339, -15.112484937637303, -16.14872740501888, 1.308393208417077, -61.98795945435598, 5.246850018834032]"
"[180, 52.30996882403111, -14.883325240619628, -17.062935490873475, 0.6776441618732275, -63.906811616564674, 4.049531756210134]"
"[181, 52.65114466181698, -14.67814772516582, -17.980269248624417, -0.09181721341464118, -65.72330714500058, 2.630847151733475]"
"[182, 52.65114466181698, -14.67814772516582, -17.980269248624417, -0.09181721341464118, -65.72330714500058, 2.630847151733475]"
"[183, 53.418015136380866, -14.854927696057953, -18.59724455099326, -1.1911551315270998, -67.1535000662334, 1.527362894256573]"
"[184, 53.418015136380866, -14.854927696057953, -18.59724455099326, -1.1911551315270998, -67.1535000662334, 1.527362894256573]"
"[185, 53.979135115167814, -14.640284818438376, -19.396664808528072, -3.0455050018720553, -66.89652749577665, -0.24971324166663325]"
"[186, 54.51608805999845, -14.538849396206375, -20.234156521900495, -4.916305071553539, -66.5428884310887, -2.330787625215424]"
"[187, 54.51608805999845, -14.538849396206375, -20.234156521900495, -4.916305071553539, -66.5428884310887, -2.330787625215424]"
"[188, 54.51608805999845, -14.538849396206375, -20.234156521900495, -4.916305071553539, -66.5428884310887, -2.330787625215424]"
"[189, 54.51608805999845, -14.538849396206375, -20.234156521900495, -4.916305071553539, -66.5428884310887, -2.330787625215424]"
"[190, 54.51608805999845, -14.538849396206375, -20.234156521900495, -4.916305071553539, -66.5428884310887, -2.330787625215424]"
"[191, 54.51608805999845, -14.538849396206375, -20.234156521900495, -4.916305071553539, -66.5428884310887, -2.330787625215424]"
"[192, 54.51608805999845, -14.538849396206375, -20.234156521900495, -4.916305071553539, -66.5428884310887, -2.330787625215424]"
"[193, 54.51608805999845, -14.538849396206375, -20.234156521900495, -4.916305071553539, -66.5428884310887, -2.330787625215424]"
"[194, 54.51608805999845, -14.538849396206375, -20.234156521900495, -4.916305071553539, -66.5428884310887, -2.330787625215424]"
"[195, 54.51608805999845, -14.538849396206375, -20.234156521900495, -4.916305071553539, -66.5428884310887, -2.330787625215424]"
"[196, 54.51608805999845, -14.538849396206375, -20.234156521900495, -4.916305071553539, -66.5428884310887, -2.330787625215424]"
"[197, 54.51608805999845, -14.538849396206375, -20.234156521900495, -4.916305071553539, -66.5428884310887, -2.330787625215424]"
"[198, 55.00930754259888, -14.541699643787641, -21.104056709389642, -4.011611040958632, -66.58423928467529, -1.247008262584675]"
"[199, 55.58898868266061, -14.083938489005181, -21.778166866749146, -3.729297900353016, -66.49840577688656, -0.8268415615786655]"
"[200, 55.75458005649858, -13.351579621898958, -22.43864387612534, -2.7689442639979576, -66.8175274076165, 0.2929901262693002]"
"[201, 56.37929671886327, -13.189144760030965, -23.202413485649096, -2.5955545794231156, -67.4216331937771, 0.2505183978049889]"
"[202, 56.37929671886327, -13.189144760030965, -23.202413485649096, -2.5955545794231156, -67.4216331937771, 0.2505183978049889]"
"[203, 56.37929671886327, -13.189144760030965, -23.202413485649096, -2.5955545794231156, -67.4216331937771, 0.2505183978049889]"
"[204, 56.495071485660546, -12.198248204081493, -23.271117739502188, -4.391928849626614, -68.54218126922845, -1.5679870068972899]"
"[205, 56.495071485660546, -12.198248204081493, -23.271117739502188, -4.391928849626614, -68.54218126922845, -1.5679870068972899]"
"[206, 56.43391616437264, -11.980948509829009, -24.245305017524664, -6.550066996870739, -69.2147345482055, -3.777630579699886]"
"[207, 56.43391616437264, -11.980948509829009, -24.245305017524664, -6.550066996870739, -69.2147345482055, -3.777630579699886]"
"[208, 56.43391616437264, -11.980948509829009, -24.245305017524664, -6.550066996870739, -69.2147345482055, -3.777630579699886]"
"[209, 56.43391616437264, -11.980948509829009, -24.245305017524664, -6.550066996870739, -69.2147345482055, -3.777630579699886]"
"[210, 56.43391616437264, -11.980948509829009, -24.245305017524664, -6.550066996870739, -69.2147345482055, -3.777630579699886]"
"[211, 56.43391616437264, -11.980948509829009, -24.245305017524664, -6.550066996870739, -69.2147345482055, -3.777630579699886]"
"[212, 56.43391616437264, -11.980948509829009, -24.245305017524664, -6.550066996870739, -69.2147345482055, -3.777630579699886]"
"[213, 56.43391616437264, -11.980948509829009, -24.245305017524664, -6.550066996870739, -69.2147345482055, -3.777630579699886]"
"[214, 56.43391616437264, -11.980948509829009, -24.245305017524664, -6.550066996870739, -69.2147345482055, -3.777630579699886]"
"[215, 56.9721120066805, -12.124217406538554, -25.075858615530876, -6.585695003185243, -69.16375285186199, -3.85795359358609]"
"[216, 56.9721120066805, -12.124217406538554, -25.075858615530876, -6.585695003185243, -69.16375285186199, -3.85795359358609]"
"[217, 56.9721120066805, -12.124217406538554, -25.075858615530876, -6.585695003185243, -69.16375285186199, -3.85795359358609]"
"[218, 56.9721120066805, -12.124217406538554, -25.075858615530876, -6.585695003185243, -69.16375285186199, -3.85795359358609]"
"[219, 56.3718141086352, -12.84323367366743, -25.426084368301616, 1.6983154130227271, -71.881707413158, 5.308771660877637]"
"[220, 56.3718141086352, -12.84323367366743, -25.426084368301616, 1.6983154130227271, -71.881707413158, 5.308771660877637]"
"[221, 56.3718141086352, -12.84323367366743, -25.426084368301616, 1.6983154130227271, -71.881707413158, 5.308771660877637]"
"[222, 57.029178816658565, -12.874522307112134, -26.17900712793002, 0.5386470347577919, -72.6718384146899, 3.791007677955421]"
"[223, 57.81719751436684, -12.853680128242056, -26.794305564453182, 0.6708035683825663, -73.4589254102933, 3.3821333450192763]"
"[224, 57.81719751436684, -12.853680128242056, -26.794305564453182, 0.6708035683825663, -73.4589254102933, 3.3821333450192763]"
"[225, 58.45527008960483, -13.60374765445995, -26.62034530576737, 11.209495803686094, -71.79562168786875, 14.577284986884399]"
"[226, 59.10198175920586, -13.56384631010675, -27.3820354628959, 12.100273925597689, -71.93997600206127, 15.407218933908783]"
"[227, 59.57985442923678, -13.818119264810372, -28.222858278762057, 11.18052485202199, -71.38646164341094, 14.33196858288333]"
"[228, 60.5286249081269, -13.860392292406884, -27.909732769444055, 11.18052485125853, -71.38646164361377, 14.33196858212152]"
"[229, 60.5286249081269, -13.860392292406884, -27.909732769444055, 11.18052485125853, -71.38646164361377, 14.33196858212152]"
"[230, 60.5286249081269, -13.860392292406884, -27.909732769444055, 11.18052485125853, -71.38646164361377, 14.33196858212152]"
"[231, 60.5286249081269, -13.860392292406884, -27.909732769444055, 11.18052485125853, -71.38646164361377, 14.33196858212152]"
"[232, 60.5286249081269, -13.860392292406884, -27.909732769444055, 11.18052485125853, -71.38646164361377, 14.33196858212152]"
"[233, 60.5286249081269, -13.860392292406884, -27.909732769444055, 11.18052485125853, -71.38646164361377, 14.33196858212152]"
"[234, 61.054574863860665, -14.697105287274725, -27.757128327564466, 17.9161038071649, -67.92036749063284, 21.164163830456275]"
"[235, 61.054574863860665, -14.697105287274725, -27.757128327564466, 17.9161038071649, -67.92036749063284, 21.164163830456275]"
"[236, 61.054574863860665, -14.697105287274725, -27.757128327564466, 17.9161038071649, -67.92036749063284, 21.164163830456275]"
"[237, 61.054574863860665, -14.697105287274725, -27.757128327564466, 17.9161038071649, -67.92036749063284, 21.164163830456275]"
"[238, 62.01561992495663, -14.774294767433096, -27.49173389671075, 17.135572313720704, -67.59433922969053, 20.24194622711906]"
"[239, 61.083744428861685, -14.87503010935914, -27.840245587926457, 21.03701448919276, -72.11776813601254, 24.96587302943162]"
"[240, 60.73523589254788, -15.002029574796767, -26.911583635161254, 19.66876415534982, -72.57244400568392, 23.794107877027567]"
"[241, 61.040346333207424, -14.47028942880627, -27.7016215989828, 17.080189317243327, -72.84334787562108, 21.083086974771415]"
"[242, 61.32025975600926, -14.48575223581602, -28.66152228813653, 15.819276796825651, -73.52781848208154, 19.734183015835505]"
"[243, 61.84260587028312, -14.945024220472101, -27.943035126099346, 16.45134200224611, -74.25883754508983, 20.28531817295039]"
"[244, 62.008432096468034, -14.823742163689761, -28.9217037783444, 17.902813522980576, -76.15357434814162, 21.39521825933515]"
"[245, 62.38277958451883, -14.91677832455908, -29.844313264679137, 17.833623244142792, -77.66242821916671, 21.393767525199564]"
"[246, 62.49497967701835, -14.823608255832939, -30.833621324170654, 17.809301968947747, -78.26910987425164, 21.15970728993855]"
"[247, 62.61264281863033, -15.035876532761913, -31.803723154082615, 21.189502899615906, -78.03849629696334, 24.540977678064774]"
"[248, 62.819672644073556, -15.012289869398026, -32.781773423736496, 21.18950289986567, -78.03849629699486, 24.54097767829045]"
"[249, 62.819672644073556, -15.012289869398026, -32.781773423736496, 21.18950289986567, -78.03849629699486, 24.54097767829045]"
"[250, 62.819672644073556, -15.012289869398026, -32.781773423736496, 21.18950289986567, -78.03849629699486, 24.54097767829045]"
"[251, 62.819672644073556, -15.012289869398026, -32.781773423736496, 21.18950289986567, -78.03849629699486, 24.54097767829045]"
"[252, 62.82348782856306, -14.900788823436567, -31.788016411864987, 24.26025300005372, -78.89923218885025, 27.56704852245499]"
"[253, 62.77071938904465, -14.922112817205242, -32.786395482624556, 25.468768557750735, -79.19157945338466, 28.634133762163852]"
"[254, 62.7111524168345, -14.909126215063539, -33.784535315823845, 27.023590337186725, -79.06092348538527, 30.18038957324473]"
"[255, 62.16391210347308, -14.685605038594227, -34.591112173490835, 27.026058436809663, -79.1011897662019, 30.485022767360803]"
"[256, 62.159924582572, -14.858280515057368, -35.576082867401766, 28.501333535674487, -78.9800468644255, 31.87600948275073]"
"[257, 62.20825429389293, -14.792562889654421, -36.57275003129545, 27.568327566261672, -79.072071495916, 30.783762571479315]"
"[258, 62.200266037813535, -14.474613734736614, -37.52082415541557, 24.92381709373215, -79.26582676843857, 28.332464883724803]"
"[259, 62.236659537486624, -14.686785203228604, -38.49737872272844, 23.201428483846794, -79.53137375035246, 26.748634968294187]"
"[260, 62.35865385411027, -15.207978803406696, -39.34205299870538, 25.040415823252772, -79.56417995605673, 28.820182207062583]"
"[261, 62.71606647722748, -16.140369607717794, -39.395938130305105, 31.217945693060074, -77.15326791252396, 34.446494350959554]"
"[262, 63.69640217663079, -16.29388819757003, -39.5199299653026, 29.36270630953447, -76.32152069118048, 32.46880065107951]"
"[263, 63.215091451398784, -16.44362786026723, -40.38359544667444, 29.360608204082734, -76.3160041528765, 32.55084849484273]"
"[264, 63.29326547195905, -16.38991379392105, -41.379087075813054, 28.76098526011925, -76.01218140819574, 31.81347361270332]"
"[265, 63.381417757281, -16.608672011996607, -42.350876137589275, 26.149874280019834, -75.56630149481575, 29.099871069498594]"
"[266, 63.40456665308023, -16.69292617919586, -43.347051499169176, 27.619032150148406, -75.7074873181729, 30.63789642283615]"
"[267, 62.84012633118816, -17.32223481115523, -43.88125907932737, 24.3609345071331, -76.37846758806617, 27.06621326365539]"
"[268, 62.52853311400717, -16.790254667421994, -44.66860067135394, 21.433457858904355, -76.40748303545496, 24.26731442661]"
"[269, 63.30030692347624, -16.941900511843016, -45.286151160296285, 19.665268226555156, -75.17455017996092, 22.465227679083693]"
"[270, 63.457129934546565, -16.845463908020683, -46.26905833717217, 21.426010465924406, -74.88954910567001, 24.24489279327234]"
"[271, 63.528440604029534, -17.060792799120055, -47.24299273849971, 31.215221588110413, -75.3931449662082, 35.07081892978244]"
"[272, 63.528440604029534, -17.060792799120055, -47.24299273849971, 31.215221588110413, -75.3931449662082, 35.07081892978244]"
"[273, 63.24910951617252, -17.417340865164782, -48.13453347144079, 39.6683634084246, -76.81261568285012, 43.79027714605869]"
"[274, 64.12698590531838, -17.415631170406748, -48.613417751262254, 42.3426548310891, -77.05739487414327, 46.37768734024173]"
"[275, 64.40376453861388, -17.28857018039426, -47.660921522992105, 47.72718721282239, -77.87251537255948, 52.01336221337646]"
"[276, 64.66816887530598, -17.175317637631686, -48.61866063748101, 52.61358502797057, -78.74691038846952, 56.21471806580472]"
"[277, 64.43052159139881, -17.09008129525204, -49.586265166024354, 55.728461286510104, -79.1755625207915, 59.23590760447493]"
"[278, 64.77588074863469, -17.277510212365225, -50.50582889752078, 60.13501265947068, -79.58952632586058, 64.24494813672148]"
"[279, 64.94804516833314, -17.672915130141362, -49.60360141080481, 71.70132497366177, -79.21213976108268, 75.57806624643504]"
"[280, 64.94804516833314, -17.672915130141362, -49.60360141080481, 71.70132497366177, -79.21213976108268, 75.57806624643504]"
"[281, 64.94804516833314, -17.672915130141362, -49.60360141080481, 71.70132497366177, -79.21213976108268, 75.57806624643504]"
"[282, 64.94804516833314, -17.672915130141362, -49.60360141080481, 71.70132497366177, -79.21213976108268, 75.57806624643504]"
"[283, 64.94804516833314, -17.672915130141362, -49.60360141080481, 71.70132497366177, -79.21213976108268, 75.57806624643504]"
"[284, 64.94804516833314, -17.672915130141362, -49.60360141080481, 71.70132497366177, -79.21213976108268, 75.57806624643504]"
"[285, 64.94804516833314, -17.672915130141362, -49.60360141080481, 71.70132497366177, -79.21213976108268, 75.57806624643504]"
"[286, 64.94804516833314, -17.672915130141362, -49.60360141080481, 71.70132497366177, -79.21213976108268, 75.57806624643504]"
"[287, 64.94804516833314, -17.672915130141362, -49.60360141080481, 71.70132497366177, -79.21213976108268, 75.57806624643504]"
"[288, 64.94804516833314, -17.672915130141362, -49.60360141080481, 71.70132497366177, -79.21213976108268, 75.57806624643504]"
"[289, 64.94804516833314, -17.672915130141362, -49.60360141080481, 71.70132497366177, -79.21213976108268, 75.57806624643504]"
"[290, 64.94804516833314, -17.672915130141362, -49.60360141080481, 71.70132497366177, -79.21213976108268, 75.57806624643504]"
"[291, 64.98902645362924, -17.641278902381057, -48.60494243048529, 70.11177219303794, -79.09674776358887, 73.74751070674853]"
"[292, 64.98902645362924, -17.641278902381057, -48.60494243048529, 70.11177219303794, -79.09674776358887, 73.74751070674853]"
"[293, 64.98902645362924, -17.641278902381057, -48.60494243048529, 70.11177219303794, -79.09674776358887, 73.74751070674853]"
"[294, 64.98902645362924, -17.641278902381057, -48.60494243048529, 70.11177219303794, -79.09674776358887, 73.74751070674853]"
"[295, 65.42654637853893, -17.42418236113706, -49.477550807686676, 69.4606387195537, -78.99465177637178, 74.08180524579436]"
"[296, 65.42654637853893, -17.42418236113706, -49.477550807686676, 69.4606387195537, -78.99465177637178, 74.08180524579436]"
"[297, 65.42654637853893, -17.42418236113706, -49.477550807686676, 69.4606387195537, -78.99465177637178, 74.08180524579436]"
"[298, 65.42654637853893, -17.42418236113706, -49.477550807686676, 69.4606387195537, -78.99465177637178, 74.08180524579436]"
"[299, 65.42654637853893, -17.42418236113706, -49.477550807686676, 69.4606387195537, -78.99465177637178, 74.08180524579436]"
"[300, 65.42654637853893, -17.42418236113706, -49.477550807686676, 69.4606387195537, -78.99465177637178, 74.08180524579436]"
"[301, 65.42654637853893, -17.42418236113706, -49.477550807686676, 69.4606387195537, -78.99465177637178, 74.08180524579436]"
"[302, 65.42654637853893, -17.42418236113706, -49.477550807686676, 69.4606387195537, -78.99465177637178, 74.08180524579436]"
"[303, 65.42654637853893, -17.42418236113706, -49.477550807686676, 69.4606387195537, -78.99465177637178, 74.08180524579436]"
"[304, 64.86235993908272, -17.56696535590341, -50.29075840441304, 69.89357542905641, -79.04962266324078, 74.35715067272804]"
"[305, 64.88344814750036, -17.40645586945493, -51.277567405604266, 69.89360495221958, -79.04962092150407, 74.35718105538814]"
"[306, 64.88344814750036, -17.40645586945493, -51.277567405604266, 69.89360495221958, -79.04962092150407, 74.35718105538814]"
"[307, 64.88344814750036, -17.40645586945493, -51.277567405604266, 69.89360495221958, -79.04962092150407, 74.35718105538814]"
"[308, 64.88344814750036, -17.40645586945493, -51.277567405604266, 69.89360495221958, -79.04962092150407, 74.35718105538814]"
"[309, 64.88344814750036, -17.40645586945493, -51.277567405604266, 69.89360495221958, -79.04962092150407, 74.35718105538814]"
"[310, 64.79585902972562, -17.682599932106868, -52.234684224916265, 69.82321745385474, -78.37788785832797, 74.00158004987637]"
"[311, 64.79585902972562, -17.682599932106868, -52.234684224916265, 69.82321745385474, -78.37788785832797, 74.00158004987637]"
"[312, 64.79585902972562, -17.682599932106868, -52.234684224916265, 69.82321745385474, -78.37788785832797, 74.00158004987637]"
"[313, 64.87155064013012, -17.575076175668002, -53.2260012539561, 68.85316791133734, -78.9011254455794, 72.72034033268571]"
"[314, 64.1459277263374, -18.215402164738578, -52.974100437381715, 68.9490992320801, -78.89145863417389, 72.81934350791755]"
"[315, 64.1459277263374, -18.215402164738578, -52.974100437381715, 68.9490992320801, -78.89145863417389, 72.81934350791755]"
"[316, 64.1459277263374, -18.215402164738578, -52.974100437381715, 68.9490992320801, -78.89145863417389, 72.81934350791755]"
"[317, 64.1459277263374, -18.215402164738578, -52.974100437381715, 68.9490992320801, -78.89145863417389, 72.81934350791755]"
"[318, 64.1459277263374, -18.215402164738578, -52.974100437381715, 68.9490992320801, -78.89145863417389, 72.81934350791755]"
"[319, 64.1459277263374, -18.215402164738578, -52.974100437381715, 68.9490992320801, -78.89145863417389, 72.81934350791755]"
"[320, 64.1459277263374, -18.215402164738578, -52.974100437381715, 68.9490992320801, -78.89145863417389, 72.81934350791755]"
"[321, 64.1459277263374, -18.215402164738578, -52.974100437381715, 68.9490992320801, -78.89145863417389, 72.81934350791755]"
"[322, 64.1459277263374, -18.215402164738578, -52.974100437381715, 68.9490992320801, -78.89145863417389, 72.81934350791755]"
"[323, 64.1459277263374, -18.215402164738578, -52.974100437381715, 68.9490992320801, -78.89145863417389, 72.81934350791755]"
"[324, 64.1459277263374, -18.215402164738578, -52.974100437381715, 68.9490992320801, -78.89145863417389, 72.81934350791755]"
"[325, 64.1459277263374, -18.215402164738578, -52.974100437381715, 68.9490992320801, -78.89145863417389, 72.81934350791755]"
"[326, 64.1459277263374, -18.215402164738578, -52.974100437381715, 68.9490992320801, -78.89145863417389, 72.81934350791755]"
"[327, 64.14982665600735, -18.594317762823334, -53.899523477009005, 70.28785623078082, -78.6468531265179, 74.26821492770968]"
"[328, 64.92681934879893, -18.012665219400454, -54.14027834905479, 53.372439172130846, -78.64979590814563, 57.68420977240899]"
"[329, 64.56724424500857, -17.909402829705073, -55.06766318913603, 49.00539460402015, -78.03411528347297, 53.29916201195546]"
"[330, 63.570108836592965, -17.9660138795445, -55.11782512680645, 53.394940212921604, -78.58866981828574, 57.57612490905827]"
"[331, 63.570108836592965, -17.9660138795445, -55.11782512680645, 53.394940212921604, -78.58866981828574, 57.57612490905827]"
"[332, 63.540075387182256, -18.444363058296506, -55.99548113100003, 53.465854541759334, -78.79896316517255, 57.65494566189035]"
"[333, 63.82686218269498, -18.709295262879895, -56.91611364870221, 55.039988752108485, -79.28763964190583, 59.18911838102335]"
"[334, 63.74748739184735, -19.09639026834647, -57.83473060095188, 55.940293796005065, -79.35708488441855, 59.947514965232244]"
"[335, 63.50834282198429, -19.11771009749173, -58.805480493837074, 54.41732299585852, -79.29750556337947, 58.23969274505321]"
"[336, 63.79269966520485, -19.74580350984608, -59.52980074179506, 54.649546249441386, -79.21655807070044, 58.389360732401514]"
"[337, 63.50590330769899, -19.78527986837936, -60.4869785815336, 54.60358781703548, -79.52195920975423, 58.326200071594165]"
"[338, 62.92207221011858, -20.499662684112987, -60.87272255737156, 59.46819367493847, -79.38130589315902, 63.04679731228517]"
"[339, 62.82161486385449, -20.939766767591337, -61.765032304228, 60.522252205801216, -79.67178066574297, 64.41464307934442]"
"[340, 62.779632878612404, -20.995620801621104, -62.762588244018296, 60.234441036623025, -80.01869890972392, 64.22739317703554]"
"[341, 62.6683873698154, -21.779995336309828, -63.372818519925886, 62.62161974069085, -79.74830845068104, 66.42937864162529]"
"[342, 62.6683873698154, -21.779995336309828, -63.372818519925886, 62.62161974069085, -79.74830845068104, 66.42937864162529]"
"[343, 62.36761679829153, -22.63875537143129, -63.787629643226225, 67.44194390415392, -80.10477831193977, 71.38177278930726]"
"[344, 62.45360658301205, -23.003182103131778, -64.71488308104415, 68.9703154524104, -80.14655151335045, 73.03794883041928]"
"[345, 62.75623774525099, -22.99493974782945, -65.66795515410075, 65.49841584303782, -79.71352163783914, 69.43105354216827]"
"[346, 62.75623774525099, -22.99493974782945, -65.66795515410075, 65.49841584303782, -79.71352163783914, 69.43105354216827]"
"[347, 62.75623774525099, -22.99493974782945, -65.66795515410075, 65.49841584303782, -79.71352163783914, 69.43105354216827]"
"[348, 62.75623774525099, -22.99493974782945, -65.66795515410075, 65.49841584303782, -79.71352163783914, 69.43105354216827]"
"[349, 62.75623774525099, -22.99493974782945, -65.66795515410075, 65.49841584303782, -79.71352163783914, 69.43105354216827]"
"[350, 62.75623774525099, -22.99493974782945, -65.66795515410075, 65.49841584303782, -79.71352163783914, 69.43105354216827]"
"[351, 63.05900672385731, -22.9007663300944, -66.61635496961067, 68.6477124860734, -79.56360066727683, 72.35918041263757]"
"[352, 63.05900672385731, -22.9007663300944, -66.61635496961067, 68.6477124860734, -79.56360066727683, 72.35918041263757]"
"[353, 63.05900672385731, -22.9007663300944, -66.61635496961067, 68.6477124860734, -79.56360066727683, 72.35918041263757]"
"[354, 63.05900672385731, -22.9007663300944, -66.61635496961067, 68.6477124860734, -79.56360066727683, 72.35918041263757]"
"[355, 63.05900672385731, -22.9007663300944, -66.61635496961067, 68.6477124860734, -79.56360066727683, 72.35918041263757]"
"[356, 63.05900672385731, -22.9007663300944, -66.61635496961067, 68.6477124860734, -79.56360066727683, 72.35918041263757]"
"[357, 63.05900672385731, -22.9007663300944, -66.61635496961067, 68.6477124860734, -79.56360066727683, 72.35918041263757]"
"[358, 63.05900672385731, -22.9007663300944, -66.61635496961067, 68.6477124860734, -79.56360066727683, 72.35918041263757]"
"[359, 62.49229619822748, -22.199379904659835, -66.18403984998677, 68.64771248607343, -79.56360066727683, 72.35918041263761]"
"[360, 61.534830118772796, -22.1385832197141, -66.4661081683952, 68.64771248614032, -79.56360066727736, 72.35918041269744]"
"[361, 60.968119609836435, -21.43719681494014, -66.03379306150583, 68.64771248614032, -79.56360066727736, 72.35918041269744]"
"[362, 60.76277695785636, -21.07290167495566, -65.12542995275471, 68.64771248613994, -79.56360066727753, 72.3591804126968]"
"[363, 60.756871217232295, -21.38108959436786, -66.07673709139978, 68.64771248614005, -79.56360066727753, 72.35918041269693]"
"[364, 61.323581709551675, -22.08247597857589, -66.50905218561289, 68.64771248614005, -79.56360066727753, 72.35918041269693]"
"[365, 61.89029222683096, -22.78386239367541, -66.94136729886665, 68.64771248614011, -79.56360066727753, 72.35918041269699]"
"[366, 61.323581727607035, -22.082476000922007, -66.50905219938642, 68.64771248614011, -79.56360066727753, 72.35918041269697]"
"[367, 60.756871253736946, -21.38108963954765, -66.07673711924735, 68.6477124861401, -79.56360066727754, 72.35918041269696]"
"[368, 60.19016075990273, -20.679703253464794, -65.64442202387866, 68.64771248614014, -79.56360066727754, 72.35918041269701]"
"[369, 60.75687128408155, -21.381089677103493, -66.07673714239573, 68.64771248614018, -79.56360066727754, 72.35918041269707]"
"[370, 61.32358177346983, -22.082476057683863, -66.50905223437285, 68.64771248614024, -79.56360066727754, 72.35918041269713]"
"[371, 61.598881705891166, -21.867549423996692, -65.57202691236839, 68.64771248613768, -79.56360066727814, 72.35918041269474]"
"[372, 62.52482593600402, -22.06281991998524, -65.89528630987625, 68.64771248613769, -79.56360066727814, 72.35918041269473]"
"[373, 62.62859214092977, -22.3918776825637, -66.83387760861653, 68.64771248726676, -79.56360066558405, 72.35918041732246]"
"[374, 62.06188165591405, -21.690491307297265, -66.40156251996768, 68.64771248726676, -79.56360066558405, 72.35918041732246]"
"[375, 61.495171117243395, -20.98910486562507, -65.96924739038816, 68.64771248726689, -79.56360066558406, 72.35918041732259]"
"[376, 62.06188161176814, -21.690491252660305, -66.40156248629097, 68.64771248726684, -79.56360066558406, 72.35918041732256]"
"[377, 62.10952297185359, -22.086173372457093, -67.31871347829288, 68.64771248726677, -79.56360066558405, 72.3591804173225]"
"[378, 62.18485422288302, -22.714061792089375, -66.54406428017077, 68.64771248726677, -79.56360066558396, 72.35918041732248]"
"[379, 61.61814372870631, -22.012675405484885, -66.11174918453347, 68.64771248726672, -79.56360066558396, 72.35918041732243]"
"[380, 61.051433236120076, -21.31128902084884, -65.67943409010945, 68.64771248726689, -79.56360066558398, 72.35918041732262]"
"[381, 61.618143726585565, -22.01267540286016, -66.11174918291566, 68.64771248726667, -79.56360066558396, 72.35918041732239]"
"[382, 62.18485421794671, -22.714061785979982, -66.54406427640512, 68.64771248726672, -79.56360066558396, 72.35918041732243]"
"[383, 62.751564736857276, -23.41544820319621, -66.97637939091065, 68.64771248726663, -79.56360066558396, 72.35918041732234]"
"[384, 63.318275256164455, -24.116834620903305, -67.40869450571874, 68.64771248726652, -79.56360066558396, 72.35918041732222]"
"[385, 63.88498574131201, -24.818220996332908, -67.84100959446816, 68.64771248726666, -79.56360066558398, 72.35918041732236]"
"[386, 63.821098840267034, -24.502187627362353, -66.89441496917864, 68.6477124872668, -79.56360066558406, 72.35918041732238]"
"[387, 63.25438833784613, -23.800801230554477, -66.46209986725225, 68.64771248726679, -79.56360066558408, 72.35918041732236]"
"[388, 62.68767783762746, -23.099414836472192, -66.02978476700584, 68.64771248726692, -79.56360066558409, 72.35918041732249]"
"[389, 62.120967336178644, -22.398028440867417, -65.597469665821, 68.6477124872669, -79.56360066558409, 72.35918041732248]"
"[390, nan, inf, nan, 68.64771248726686, -79.56360066558409, 72.35918041732245]"
"[391, nan, inf, nan, nan, nan, nan]"
"[392, nan, nan, nan, nan, nan, nan]"
"[393, nan, nan, nan, nan, nan, nan]"
"[394, nan, nan, nan, nan, nan, nan]"
"[395, nan, nan, nan, nan, nan, nan]"
"[396, nan, nan, nan, nan, nan, nan]"
"[397, nan, nan, nan, nan, nan, nan]"
"[398, nan, nan, nan, nan, nan, nan]"
"[399, nan, nan, nan, nan, nan, nan]"
"[400, nan, nan, nan, nan, nan, nan]"
"[401, nan, nan, nan, nan, nan, nan]"
"[402, nan, nan, nan, nan, nan, nan]"
"[403, nan, nan, nan, nan, nan, nan]"
"[404, nan, nan, nan, nan, nan, nan]"
"[405, nan, nan, nan, nan, nan, nan]"
"[406, nan, nan, nan, nan, nan, nan]"
"[407, nan, nan, nan, nan, nan, nan]"
"[408, nan, nan, nan, nan, nan, nan]"
"[409, nan, nan, nan, nan, nan, nan]"
"[410, nan, nan, nan, nan, nan, nan]"
"[411, nan, nan, nan, nan, nan, nan]"
"[412, nan, nan, nan, nan, nan, nan]"
"[413, nan, nan, nan, nan, nan, nan]"
"[414, nan, nan, nan, nan, nan, nan]"
"[415, nan, nan, nan, nan, nan, nan]"
"[416, nan, nan, nan, nan, nan, nan]"
"[417, nan, nan, nan, nan, nan, nan]"
"[418, nan, nan, nan, nan, nan, nan]"
"[419, nan, nan, nan, nan, nan, nan]"
"[420, nan, nan, nan, nan, nan, nan]"
"[421, nan, nan, nan, nan, nan, nan]"
"[422, nan, nan, nan, nan, nan, nan]"
"[423, nan, nan, nan, nan, nan, nan]"
"[424, nan, nan, nan, nan, nan, nan]"
"[425, nan, nan, nan, nan, nan, nan]"
"[426, nan, nan, nan, nan, nan, nan]"
"[427, nan, nan, nan, nan, nan, nan]"
"[428, nan, nan, nan, nan, nan, nan]"
"[429, nan, nan, nan, nan, nan, nan]"
"[430, nan, nan, nan, nan, nan, nan]"
"[431, nan, nan, nan, nan, nan, nan]"
"[432, nan, nan, nan, nan, nan, nan]"
"[433, nan, nan, nan, nan, nan, nan]"
"[434, nan, nan, nan, nan, nan, nan]"
"[435, nan, nan, nan, nan, nan, nan]"
"[436, nan, nan, nan, nan, nan, nan]"
"[437, nan, nan, nan, nan, nan, nan]"
"[438, nan, nan, nan, nan, nan, nan]"
"[439, nan, nan, nan, nan, nan, nan]"
"[440, nan, nan, nan, nan, nan, nan]"
"[441, nan, nan, nan, nan, nan, nan]"
"[442, nan, nan, nan, nan, nan, nan]"
"[443, nan, nan, nan, nan, nan, nan]"
"[444, nan, nan, nan, nan, nan, nan]"
"[445, nan, nan, nan, nan, nan, nan]"
"[446, nan, nan, nan, nan, nan, nan]"
"[447, nan, nan, nan, nan, nan, nan]"
"[448, nan, nan, nan, nan, nan, nan]"
"[449, nan, nan, nan, nan, nan, nan]"
"[450, nan, nan, nan, nan, nan, nan]"
"[451, nan, nan, nan, nan, nan, nan]"
"[452, nan, nan, nan, nan, nan, nan]"
"[453, nan, nan, nan, nan, nan, nan]"
"[454, nan, nan, nan, nan, nan, nan]"
"[455, nan, nan, nan, nan, nan, nan]"
"[456, nan, nan, nan, nan, nan, nan]"
"[457, nan, nan, nan, nan, nan, nan]"
"[458, nan, nan, nan, nan, nan, nan]"
"[459, nan, nan, nan, nan, nan, nan]"
"[460, nan, nan, nan, nan, nan, nan]"
"[461, nan, nan, nan, nan, nan, nan]"
"[462, nan, nan, nan, nan, nan, nan]"
"[463, nan, nan, nan, nan, nan, nan]"
"[464, nan, nan, nan, nan, nan, nan]"
"[465, nan, nan, nan, nan, nan, nan]"
"[466, nan, nan, nan, nan, nan, nan]"
"[467, nan, nan, nan, nan, nan, nan]"
"[468, nan, nan, nan, nan, nan, nan]"
"[469, nan, nan, nan, nan, nan, nan]"
"[470, nan, nan, nan, nan, nan, nan]"
"[471, nan, nan, nan, nan, nan, nan]"
"[472, nan, nan, nan, nan, nan, nan]"
"[473, nan, nan, nan, nan, nan, nan]"
"[474, nan, nan, nan, nan, nan, nan]"
"[475, nan, nan, nan, nan, nan, nan]"
"[476, nan, nan, nan, nan, nan, nan]"
"[477, nan, nan, nan, nan, nan, nan]"
"[478, nan, nan, nan, nan, nan, nan]"
"[479, nan, nan, nan, nan, nan, nan]"
"[480, nan, nan, nan, nan, nan, nan]"
"[481, nan, nan, nan, nan, nan, nan]"
"[482, nan, nan, nan, nan, nan, nan]"
"[483, nan, nan, nan, nan, nan, nan]"
"[484, nan, nan, nan, nan, nan, nan]"
"[485, nan, nan, nan, nan, nan, nan]"
"[486, nan, nan, nan, nan, nan, nan]"
"[487, nan, nan, nan, nan, nan, nan]"
"[488, nan, nan, nan, nan, nan, nan]"
"[489, nan, nan, nan, nan, nan, nan]"
"[490, nan, nan, nan, nan, nan, nan]"
"[491, nan, nan, nan, nan, nan, nan]"
"[492, nan, nan, nan, nan, nan, nan]"
"[493, nan, nan, nan, nan, nan, nan]"
"[494, nan, nan, nan, nan, nan, nan]"
"[495, nan, nan, nan, nan, nan, nan]"
"[496, nan, nan, nan, nan, nan, nan]"
"[497, nan, nan, nan, nan, nan, nan]"
"[498, nan, nan, nan, nan, nan, nan]"
"[499, nan, nan, nan, nan, nan, nan]"
"[500, nan, nan, nan, nan, nan, nan]"
"[501, nan, nan, nan, nan, nan, nan]"
"[502, nan, nan, nan, nan, nan, nan]"
"[503, nan, nan, nan, nan, nan, nan]"
"[504, nan, nan, nan, nan, nan, nan]"
"[505, nan, nan, nan, nan, nan, nan]"
"[506, nan, nan, nan, nan, nan, nan]"
"[507, nan, nan, nan, nan, nan, nan]"
"[508, nan, nan, nan, nan, nan, nan]"
"[509, nan, nan, nan, nan, nan, nan]"
"[510, nan, nan, nan, nan, nan, nan]"
"[511, nan, nan, nan, nan, nan, nan]"
"[512, nan, nan, nan, nan, nan, nan]"
"[513, nan, nan, nan, nan, nan, nan]"
"[514, nan, nan, nan, nan, nan, nan]"
"[515, nan, nan, nan, nan, nan, nan]"
"[516, nan, nan, nan, nan, nan, nan]"
"[517, nan, nan, nan, nan, nan, nan]"
"[518, nan, nan, nan, nan, nan, nan]"
"[519, nan, nan, nan, nan, nan, nan]"
"[520, nan, nan, nan, nan, nan, nan]"
"[521, nan, nan, nan, nan, nan, nan]"
"[522, nan, nan, nan, nan, nan, nan]"
"[523, nan, nan, nan, nan, nan, nan]"
"[524, nan, nan, nan, nan, nan, nan]"
"[525, nan, nan, nan, nan, nan, nan]"
"[526, nan, nan, nan, nan, nan, nan]"
"[527, nan, nan, nan, nan, nan, nan]"
"[528, nan, nan, nan, nan, nan, nan]"
"[529, nan, nan, nan, nan, nan, nan]"
"[530, nan, nan, nan, nan, nan, nan]"
"[531, nan, nan, nan, nan, nan, nan]"
"[532, nan, nan, nan, nan, nan, nan]"
"[533, nan, nan, nan, nan, nan, nan]"
"[534, nan, nan, nan, nan, nan, nan]"
"[535, nan, nan, nan, nan, nan, nan]"
"[536, nan, nan, nan, nan, nan, nan]"
"[537, nan, nan, nan, nan, nan, nan]"
"[538, nan, nan, nan, nan, nan, nan]"
"[539, nan, nan, nan, nan, nan, nan]"
"[540, nan, nan, nan, nan, nan, nan]"
"[541, nan, nan, nan, nan, nan, nan]"
"[542, nan, nan, nan, nan, nan, nan]"
"[543, nan, nan, nan, nan, nan, nan]"
"[544, nan, nan, nan, nan, nan, nan]"
"[545, nan, nan, nan, nan, nan, nan]"
"[546, nan, nan, nan, nan, nan, nan]"
"[547, nan, nan, nan, nan, nan, nan]"
"[548, nan, nan, nan, nan, nan, nan]"
"[549, nan, nan, nan, nan, nan, nan]"
"[550, nan, nan, nan, nan, nan, nan]"
"[551, nan, nan, nan, nan, nan, nan]"
"[552, nan, nan, nan, nan, nan, nan]"
"[553, nan, nan, nan, nan, nan, nan]"
"[554, nan, nan, nan, nan, nan, nan]"
"[555, nan, nan, nan, nan, nan, nan]"
"[556, nan, nan, nan, nan, nan, nan]"
"[557, nan, nan, nan, nan, nan, nan]"
"[558, nan, nan, nan, nan, nan, nan]"
"[559, nan, nan, nan, nan, nan, nan]"
"[560, nan, nan, nan, nan, nan, nan]"
"[561, nan, nan, nan, nan, nan, nan]"
"[562, nan, nan, nan, nan, nan, nan]"
"[563, nan, nan, nan, nan, nan, nan]"
"[564, nan, nan, nan, nan, nan, nan]"
"[565, nan, nan, nan, nan, nan, nan]"
"[566, nan, nan, nan, nan, nan, nan]"
"[567, nan, nan, nan, nan, nan, nan]"
"[568, nan, nan, nan, nan, nan, nan]"
"[569, nan, nan, nan, nan, nan, nan]"
"[570, nan, nan, nan, nan, nan, nan]"
"[571, nan, nan, nan, nan, nan, nan]"
"[572, nan, nan, nan, nan, nan, nan]"
"[573, nan, nan, nan, nan, nan, nan]"
"[574, nan, nan, nan, nan, nan, nan]"
"[575, nan, nan, nan, nan, nan, nan]"
"[576, nan, nan, nan, nan, nan, nan]"
"[577, nan, nan, nan, nan, nan, nan]"
"[578, nan, nan, nan, nan, nan, nan]"
"[579, nan, nan, nan, nan, nan, nan]"
"[580, nan, nan, nan, nan, nan, nan]"
"[581, nan, nan, nan, nan, nan, nan]"
"[582, nan, nan, nan, nan, nan, nan]"
"[583, nan, nan, nan, nan, nan, nan]"
"[584, nan, nan, nan, nan, nan, nan]"
"[585, nan, nan, nan, nan, nan, nan]"
"[586, nan, nan, nan, nan, nan, nan]"
"[587, nan, nan, nan, nan, nan, nan]"
"[588, nan, nan, nan, nan, nan, nan]"
"[589, nan, nan, nan, nan, nan, nan]"
"[590, nan, nan, nan, nan, nan, nan]"
"[591, nan, nan, nan, nan, nan, nan]"
"[592, nan, nan, nan, nan, nan, nan]"
"[593, nan, nan, nan, nan, nan, nan]"
"[594, nan, nan, nan, nan, nan, nan]"
"[595, nan, nan, nan, nan, nan, nan]"
"[596, nan, nan, nan, nan, nan, nan]"
