timestamp,fps,x,y,z,R00,R01,R02,R10,R11,R12,R20,R21,R22
1753097883.485695,1148105.63,0.0,0.0,0.0,1.0,0.0,0.0,0.0,1.0,0.0,0.0,0.0,1.0
1753097883.6678529,12.7,0.0,0.0,0.0,1.0,0.0,0.0,0.0,1.0,0.0,0.0,0.0,1.0
1753097883.7765973,6.82,0.0,0.0,0.0,1.0,0.0,0.0,0.0,1.0,0.0,0.0,0.0,1.0
1753097883.9337206,14.65,0.0,0.0,0.0,1.0,0.0,0.0,0.0,1.0,0.0,0.0,0.0,1.0
1753097884.1015124,8.4,0.0,0.0,0.0,1.0,0.0,0.0,0.0,1.0,0.0,0.0,0.0,1.0
1753097884.2905624,7.68,0.0,0.0,0.0,1.0,0.0,0.0,0.0,1.0,0.0,0.0,0.0,1.0
1753097884.4345157,6.77,0.0,0.0,0.0,1.0,0.0,0.0,0.0,1.0,0.0,0.0,0.0,1.0
1753097884.5795462,9.28,0.0,0.0,0.0,1.0,0.0,0.0,0.0,1.0,0.0,0.0,0.0,1.0
1753097884.721382,9.16,0.0,0.0,0.0,1.0,0.0,0.0,0.0,1.0,0.0,0.0,0.0,1.0
1753097884.8660169,9.62,0.0,0.0,0.0,1.0,0.0,0.0,0.0,1.0,0.0,0.0,0.0,1.0
1753097885.0099146,9.31,0.0,0.0,0.0,1.0,0.0,0.0,0.0,1.0,0.0,0.0,0.0,1.0
1753097885.1548839,9.35,0.0,0.0,0.0,1.0,0.0,0.0,0.0,1.0,0.0,0.0,0.0,1.0
1753097885.2970526,9.11,0.0,0.0,0.0,1.0,0.0,0.0,0.0,1.0,0.0,0.0,0.0,1.0
1753097885.4404957,9.6,0.0,0.0,0.0,1.0,0.0,0.0,0.0,1.0,0.0,0.0,0.0,1.0
1753097885.58968,9.57,0.0,0.0,0.0,1.0,0.0,0.0,0.0,1.0,0.0,0.0,0.0,1.0
1753097885.8135548,8.83,0.0,0.0,0.0,1.0,0.0,0.0,0.0,1.0,0.0,0.0,0.0,1.0
1753097885.9717,5.3,0.0,0.0,0.0,1.0,0.0,0.0,0.0,1.0,0.0,0.0,0.0,1.0
1753097886.126642,8.23,0.0,0.0,0.0,1.0,0.0,0.0,0.0,1.0,0.0,0.0,0.0,1.0
1753097886.2749078,8.57,0.0,0.0,0.0,1.0,0.0,0.0,0.0,1.0,0.0,0.0,0.0,1.0
1753097886.4226816,9.3,0.0,0.0,0.0,1.0,0.0,0.0,0.0,1.0,0.0,0.0,0.0,1.0
1753097886.5634646,9.16,0.0,0.0,0.0,1.0,0.0,0.0,0.0,1.0,0.0,0.0,0.0,1.0
1753097886.7035987,9.78,0.0,0.0,0.0,1.0,0.0,0.0,0.0,1.0,0.0,0.0,0.0,1.0
1753097886.8471074,9.61,0.0,0.0,0.0,1.0,0.0,0.0,0.0,1.0,0.0,0.0,0.0,1.0
1753097886.993745,9.44,0.0,0.0,0.0,1.0,0.0,0.0,0.0,1.0,0.0,0.0,0.0,1.0
1753097887.1359413,9.25,0.0,0.0,0.0,1.0,0.0,0.0,0.0,1.0,0.0,0.0,0.0,1.0
1753097887.2853937,9.61,0.0,0.0,0.0,1.0,0.0,0.0,0.0,1.0,0.0,0.0,0.0,1.0
1753097887.437085,8.81,0.0,0.0,0.0,1.0,0.0,0.0,0.0,1.0,0.0,0.0,0.0,1.0
1753097887.5946453,8.72,0.0,0.0,0.0,1.0,0.0,0.0,0.0,1.0,0.0,0.0,0.0,1.0
1753097887.7528632,8.23,0.0,0.0,0.0,1.0,0.0,0.0,0.0,1.0,0.0,0.0,0.0,1.0
1753097887.9077475,8.4,0.0,0.0,0.0,1.0,0.0,0.0,0.0,1.0,0.0,0.0,0.0,1.0
1753097888.0570416,8.62,0.0,0.0,0.0,1.0,0.0,0.0,0.0,1.0,0.0,0.0,0.0,1.0
1753097888.1994424,8.91,0.0,0.0,0.0,1.0,0.0,0.0,0.0,1.0,0.0,0.0,0.0,1.0
1753097888.3489616,9.48,0.0,0.0,0.0,1.0,0.0,0.0,0.0,1.0,0.0,0.0,0.0,1.0
1753097888.4970849,8.99,0.0,0.0,0.0,1.0,0.0,0.0,0.0,1.0,0.0,0.0,0.0,1.0
1753097888.6505816,9.19,0.0,0.0,0.0,1.0,0.0,0.0,0.0,1.0,0.0,0.0,0.0,1.0
1753097888.808674,8.65,0.0,0.0,0.0,1.0,0.0,0.0,0.0,1.0,0.0,0.0,0.0,1.0
1753097888.949952,8.34,0.0,0.0,0.0,1.0,0.0,0.0,0.0,1.0,0.0,0.0,0.0,1.0
1753097889.091834,9.48,0.0,0.0,0.0,1.0,0.0,0.0,0.0,1.0,0.0,0.0,0.0,1.0
1753097889.2305088,9.62,0.0,0.0,0.0,1.0,0.0,0.0,0.0,1.0,0.0,0.0,0.0,1.0
1753097889.3708637,9.85,0.0,0.0,0.0,1.0,0.0,0.0,0.0,1.0,0.0,0.0,0.0,1.0
1753097889.5147603,9.73,0.0,0.0,0.0,1.0,0.0,0.0,0.0,1.0,0.0,0.0,0.0,1.0
1753097889.6587365,9.46,0.0,0.0,0.0,1.0,0.0,0.0,0.0,1.0,0.0,0.0,0.0,1.0
1753097889.8026032,9.29,0.0,0.0,0.0,1.0,0.0,0.0,0.0,1.0,0.0,0.0,0.0,1.0
1753097889.9471576,9.35,0.0,0.0,0.0,1.0,0.0,0.0,0.0,1.0,0.0,0.0,0.0,1.0
1753097890.0922568,9.41,0.0,0.0,0.0,1.0,0.0,0.0,0.0,1.0,0.0,0.0,0.0,1.0
1753097890.2350342,9.37,0.0,0.0,0.0,1.0,0.0,0.0,0.0,1.0,0.0,0.0,0.0,1.0
1753097890.3801014,9.39,0.0,0.0,0.0,1.0,0.0,0.0,0.0,1.0,0.0,0.0,0.0,1.0
1753097890.5411339,9.2,0.015968613272048956,-5.473420400164392e-05,-0.047381434711400036,0.9999989646373547,-0.0009700018067699385,-0.001062930248581688,0.0009534731530784552,0.9998803138513364,-0.015441789452634747,0.0010777815942226415,0.015440759989326916,0.9998802034832908
1753097890.6939301,8.14,0.002416481339221008,-0.004863642681198448,-0.09526895180830004,0.9999985821539615,0.0003694688369264355,-0.00164291900153099,-0.0004384683326883787,0.9991091685909376,-0.042198068475305106,0.001625864566401798,0.04219872901289606,0.9991079140083456
1753097890.9084992,8.67,0.038330203073052606,0.01161069083885881,-0.1259088126612536,0.9999837770467199,-0.0026093372379649114,-0.005063299571852818,0.0023325163155953244,0.9985420920151905,-0.053928191528772325,0.005196634585309803,0.05391550642537843,0.9985319790351641
1753097891.0626576,5.67,0.03819973635042559,0.06153779635225076,-0.12321303954845314,0.9999837770333528,-0.00260933935001819,-0.005063301123555018,0.0023325183013272336,0.9985420915994675,-0.05392819914047242,0.005196636266405586,0.05391551402256044,0.9985319786162064
1753097891.22837,8.5,0.03611878678657947,0.03839363040733246,-0.07894095733403583,0.9999849718129696,-0.0006369271454061172,-0.005445224699420117,0.0004214707792854587,0.999220354336801,-0.039477915869759864,0.0054661239098597715,0.039475027585159084,0.9992056063126102
1753097891.374421,7.79,0.03611878678657947,0.03839363040733246,-0.07894095733403583,0.9999849718129696,-0.0006369271454061172,-0.005445224699420117,0.0004214707792854587,0.999220354336801,-0.039477915869759864,0.0054661239098597715,0.039475027585159084,0.9992056063126102
1753097891.5217032,9.47,0.03611878678657947,0.03839363040733246,-0.07894095733403583,0.9999849718129696,-0.0006369271454061172,-0.005445224699420117,0.0004214707792854587,0.999220354336801,-0.039477915869759864,0.0054661239098597715,0.039475027585159084,0.9992056063126102
1753097891.6660826,9.43,0.03611878678657947,0.03839363040733246,-0.07894095733403583,0.9999849718129696,-0.0006369271454061172,-0.005445224699420117,0.0004214707792854587,0.999220354336801,-0.039477915869759864,0.0054661239098597715,0.039475027585159084,0.9992056063126102
1753097891.8063614,9.53,0.03611878678657947,0.03839363040733246,-0.07894095733403583,0.9999849718129696,-0.0006369271454061172,-0.005445224699420117,0.0004214707792854587,0.999220354336801,-0.039477915869759864,0.0054661239098597715,0.039475027585159084,0.9992056063126102
1753097891.9498804,9.61,0.03611878678657947,0.03839363040733246,-0.07894095733403583,0.9999849718129696,-0.0006369271454061172,-0.005445224699420117,0.0004214707792854587,0.999220354336801,-0.039477915869759864,0.0054661239098597715,0.039475027585159084,0.9992056063126102
1753097892.0956485,9.42,0.03611878678657947,0.03839363040733246,-0.07894095733403583,0.9999849718129696,-0.0006369271454061172,-0.005445224699420117,0.0004214707792854587,0.999220354336801,-0.039477915869759864,0.0054661239098597715,0.039475027585159084,0.9992056063126102
1753097892.2415028,9.27,0.03611878678657947,0.03839363040733246,-0.07894095733403583,0.9999849718129696,-0.0006369271454061172,-0.005445224699420117,0.0004214707792854587,0.999220354336801,-0.039477915869759864,0.0054661239098597715,0.039475027585159084,0.9992056063126102
1753097892.383188,9.33,0.03611878678657947,0.03839363040733246,-0.07894095733403583,0.9999849718129696,-0.0006369271454061172,-0.005445224699420117,0.0004214707792854587,0.999220354336801,-0.039477915869759864,0.0054661239098597715,0.039475027585159084,0.9992056063126102
1753097892.5273066,9.58,0.03611878678657947,0.03839363040733246,-0.07894095733403583,0.9999849718129696,-0.0006369271454061172,-0.005445224699420117,0.0004214707792854587,0.999220354336801,-0.039477915869759864,0.0054661239098597715,0.039475027585159084,0.9992056063126102
1753097892.6739159,9.21,0.03611878678657947,0.03839363040733246,-0.07894095733403583,0.9999849718129696,-0.0006369271454061172,-0.005445224699420117,0.0004214707792854587,0.999220354336801,-0.039477915869759864,0.0054661239098597715,0.039475027585159084,0.9992056063126102
1753097892.82218,9.25,0.03611878678657947,0.03839363040733246,-0.07894095733403583,0.9999849718129696,-0.0006369271454061172,-0.005445224699420117,0.0004214707792854587,0.999220354336801,-0.039477915869759864,0.0054661239098597715,0.039475027585159084,0.9992056063126102
1753097892.9636188,9.23,0.03611878678657947,0.03839363040733246,-0.07894095733403583,0.9999849718129696,-0.0006369271454061172,-0.005445224699420117,0.0004214707792854587,0.999220354336801,-0.039477915869759864,0.0054661239098597715,0.039475027585159084,0.9992056063126102
1753097893.1067684,9.67,0.03611878678657947,0.03839363040733246,-0.07894095733403583,0.9999849718129696,-0.0006369271454061172,-0.005445224699420117,0.0004214707792854587,0.999220354336801,-0.039477915869759864,0.0054661239098597715,0.039475027585159084,0.9992056063126102
1753097893.2552066,9.31,0.03611878678657947,0.03839363040733246,-0.07894095733403583,0.9999849718129696,-0.0006369271454061172,-0.005445224699420117,0.0004214707792854587,0.999220354336801,-0.039477915869759864,0.0054661239098597715,0.039475027585159084,0.9992056063126102
1753097893.408846,8.98,0.034192775999162824,0.026619243758283007,-0.1274966400517753,0.9999618943840647,-0.0011058584753983395,0.008659495185414598,0.0014062205015081947,0.99939480511437,-0.034756956919612794,-0.008615818227827414,0.03476780964402367,0.9993582776406169
1753097893.5610263,8.65,0.08419087112692357,0.026689554783933197,-0.12792743096668524,0.9999618943840647,-0.0011058584753984328,0.008659495185413776,0.00140622050150826,0.99939480511437,-0.03475695691961242,-0.00861581822782659,0.034767809644023734,0.9993582776406169
1753097893.7110417,8.6,0.13390853357257745,0.031826050182098574,-0.12925806180904031,0.999990842978396,-0.003932112195129832,0.0016889206739913345,0.003997997167464086,0.9991527479899835,-0.040960983908022434,-0.0015264265482081859,0.04096736112747854,0.999159319300101
1753097893.8674166,8.85,0.09082565615047894,0.02891821243903227,-0.1544654054808476,0.9999203102420722,-0.0013510018487924316,0.012551811000969516,0.0018640549484351908,0.999159315580992,-0.040953478324465255,-0.012485930664101811,0.04097361201710079,0.9990822111586819
1753097894.022396,8.37,0.0962470781566306,0.04088108731924633,-0.10622125748908495,0.9997498761416351,0.002721016435314579,0.022198676184518772,-0.0018909323128848236,0.9993012386374451,-0.037329061502479895,-0.022284737597166225,0.03727774841948828,0.999056434813868
1753097894.1827652,8.63,0.1461185170728407,0.037348417914694676,-0.10562144640995341,0.9999796173702757,-0.006352815518382806,0.000637635465795458,0.006371021142887152,0.9993853640389397,-0.03447178896362159,-0.0004182506362355962,0.034475148726946236,0.9994054678590956
1753097894.344907,8.28,0.196117497433142,0.037666968959209145,-0.10564235890922738,0.9999796173701537,-0.006352815563044871,0.0006376352121133277,0.006371021178777516,0.9993853640386696,-0.034471788964814704,-0.00041825038116109417,0.03447514872654179,0.9994054678592161
1753097894.5012836,8.08,0.2461163004031316,0.038012152998266886,-0.10566706255623522,0.9999796266110085,-0.0063535276226300294,0.000615670088058811,0.006370976870269979,0.9993852508200325,-0.0344750793631939,-0.00039625323635164686,0.03447829940888337,0.9994053681330919
1753097894.6552222,8.49,0.2958578508806095,0.04027965766659918,-0.1011243213808283,0.9999502196176059,-0.0039660481956948134,0.009155804083342139,0.004317461947853354,0.9992420750521495,-0.03868636669167423,-0.008995432676195158,0.03872397070528079,0.9992094556617152
1753097894.8085172,8.66,0.31034017606166564,0.047786974084804916,-0.05386014426944541,0.9996908111562623,-0.00015167941068419091,0.024864816168472383,0.0011184781135971764,0.9992435370370395,-0.03887290439901871,-0.024840110636730073,0.038888696083339946,0.9989347517333097
1753097894.9644058,8.68,0.360324716263998,0.04784289799010942,-0.05510214979409846,0.9996908111558714,-0.00015167940568344603,0.024864816184219252,0.0011184781092385264,0.9992435370370019,-0.03887290440010746,-0.02484011065265791,0.038888696084322404,0.9989347517328754
1753097895.1243587,8.39,0.40949754099820207,0.03973803668638084,-0.0591449697927918,0.9999989625784583,-0.0012659818156880024,0.0006871186587514419,0.0012906892617317598,0.9993056911598498,-0.0372353291480435,-0.0006395023365897635,0.037236177375987306,0.9993062884477318
1753097895.2801037,8.24,0.42721376937611666,0.05738369081980813,-0.01584639961787418,0.9998977703473466,-0.002440488340248065,0.014088749805011846,0.0029632925268776606,0.9993031817220693,-0.03720712159718847,-0.013988128960201997,0.03724506701308346,0.9992082551857644
1753097895.437766,8.53,0.4772086589926172,0.057531845801185116,-0.016545749552538923,0.9998977728685293,-0.002440525728960118,0.01408856439540837,0.0029633229867413523,0.9993031816308401,-0.037207121621482715,-0.013987942287324546,0.037245067010894,0.9992082577991019
1753097895.5937672,8.41,0.5265790181730412,0.05085454906844964,-0.020786205436468676,0.9997773481302429,-0.00990637611459689,-0.01863109975114682,0.009302638536585132,0.9994376058095843,-0.03221696773228077,0.018939775128513508,0.032036476177654406,0.9993072345941443
1753097895.7541869,8.41,0.576567885090468,0.051319680990727826,-0.01983921668931491,0.9997773481302429,-0.009906376114597047,-0.018631099751149353,0.009302638536585209,0.9994376058095843,-0.03221696773228133,0.018939775128516047,0.03203647617765429,0.9993072345941442
1753097895.9188216,8.22,0.6265567518460031,0.051784812911500125,-0.018892227945219164,0.9997773481302429,-0.009906376114597094,-0.018631099751149988,0.009302638536583769,0.9994376058095843,-0.03221696773228085,0.018939775128516634,0.03203647617765437,0.9993072345941442
1753097896.0832348,7.98,0.6759900741987487,0.04509578453322182,-0.02229863146723582,0.9995358027449877,-0.008014989100062835,-0.029392838935037854,0.007103724923993598,0.9994948422021359,-0.030977370829860677,0.029626274202798595,0.03075419257682516,0.9990878157178199
1753097896.2469687,7.97,0.7259668648108697,0.04545097078264648,-0.02081731774167834,0.9995358027449674,-0.008014989099812114,-0.029392838935791244,0.007103724923742442,0.9994948422021611,-0.030977370829105497,0.029626274203539672,0.0307541925760717,0.999087815717821
1753097896.4874506,7.92,0.7759436546354399,0.04580615702661339,-0.01933600404076319,0.9995358027449677,-0.008014989099811303,-0.029392838935783913,0.007103724923741315,0.999494842202161,-0.030977370829104116,0.029626274203533108,0.030754192576070476,0.9990878157178212
1753097896.651921,4.94,0.8257532424562837,0.043077205429427556,-0.02273568695284654,0.9989429599587969,-0.01099023161579383,-0.04463381630323477,0.009666172701417279,0.9995099413893354,-0.02977317868808421,0.044939157246951,0.02931026906934758,0.9985596528365307
1753097896.8075306,7.83,0.8257532424562837,0.043077205429427556,-0.02273568695284654,0.9989429599587969,-0.01099023161579383,-0.04463381630323477,0.009666172701417279,0.9995099413893354,-0.02977317868808421,0.044939157246951,0.02931026906934758,0.9985596528365307
1753097896.9750874,8.58,0.8385156221343067,0.05350994890532719,0.024468968460798345,0.9994019467949511,-0.010567749482187024,-0.032925239761383514,0.009628534830839345,0.9995458541533316,-0.028554802781614735,0.03321204690280546,0.02822070367243659,0.9990498244956333
1753097897.1466246,7.65,0.8884857197464888,0.05399137564950172,0.02612957081501449,0.9994019467949508,-0.010567749482185933,-0.03292523976139335,0.009628534830837247,0.9995458541533317,-0.02855480278161123,0.03321204690281487,0.02822070367243309,0.9990498244956331
1753097897.3168705,7.6,0.938455816854096,0.054472802388806744,0.027790173152440326,0.9994019467949506,-0.01056774948218666,-0.03292523976139476,0.00962853483083657,0.9995458541533317,-0.028554802781611845,0.033212046902816254,0.028220703672433015,0.999049824495633
1753097897.4876869,7.65,0.9884259145906132,0.05495422913417108,0.02945077551076576,0.9994019467949508,-0.010567749482186702,-0.03292523976139506,0.009628534830836668,0.9995458541533317,-0.028554802781611776,0.03321204690281442,0.028220703672432935,0.999049824495633
1753097897.6569052,7.63,0.9916025917863623,0.043923682435484834,-0.01921374661819307,0.999905680091159,-0.003569521145233234,-0.013262331628784913,0.0031976450282423705,0.9996040347551063,-0.027956193724904387,0.013356870431033365,0.02791114867046538,0.9995211662552128
1753097897.834289,7.55,1.0415978759748876,0.04408356468747262,-0.018545903094103876,0.9999056800911599,-0.0035695211452337963,-0.0132623316287221,0.0031976450282446083,0.9996040347551061,-0.02795619372491407,0.013356870430970412,0.027911148670475276,0.9995211662552133
1753097898.007281,7.18,1.0877121219461683,0.03273229351747631,-0.03418639379256876,0.9999693357463324,-0.0012702686515112115,-0.007727482422707328,0.001070186683203655,0.9996654794465841,-0.02584151511217425,0.007757723087563576,0.025832452852616518,0.999636184875333
1753097898.1799092,7.36,1.1377105885847336,0.032785803555629746,-0.03379850888948109,0.9999693357428707,-0.0012702684899401654,-0.007727482897221344,0.0010701865117588704,0.9996654794545469,-0.02584151481123903,0.0077577235574231,0.025832452552417885,0.9996361848794442
1753097898.3424475,7.41,1.1377105885847336,0.032785803555629746,-0.03379850888948109,0.9999693357428707,-0.0012702684899401654,-0.007727482897221344,0.0010701865117588704,0.9996654794545469,-0.02584151481123903,0.0077577235574231,0.025832452552417885,0.9996361848794442
1753097898.5106099,8.08,1.1377105885847336,0.032785803555629746,-0.03379850888948109,0.9999693357428707,-0.0012702684899401654,-0.007727482897221344,0.0010701865117588704,0.9996654794545469,-0.02584151481123903,0.0077577235574231,0.025832452552417885,0.9996361848794442
1753097898.669568,7.78,1.1377105885847336,0.032785803555629746,-0.03379850888948109,0.9999693357428707,-0.0012702684899401654,-0.007727482897221344,0.0010701865117588704,0.9996654794545469,-0.02584151481123903,0.0077577235574231,0.025832452552417885,0.9996361848794442
1753097898.8294373,8.25,1.1377105885847336,0.032785803555629746,-0.03379850888948109,0.9999693357428707,-0.0012702684899401654,-0.007727482897221344,0.0010701865117588704,0.9996654794545469,-0.02584151481123903,0.0077577235574231,0.025832452552417885,0.9996361848794442
1753097898.991473,8.32,1.1377105885847336,0.032785803555629746,-0.03379850888948109,0.9999693357428707,-0.0012702684899401654,-0.007727482897221344,0.0010701865117588704,0.9996654794545469,-0.02584151481123903,0.0077577235574231,0.025832452552417885,0.9996361848794442
1753097899.156113,8.13,1.1377105885847336,0.032785803555629746,-0.03379850888948109,0.9999693357428707,-0.0012702684899401654,-0.007727482897221344,0.0010701865117588704,0.9996654794545469,-0.02584151481123903,0.0077577235574231,0.025832452552417885,0.9996361848794442
1753097899.3175144,8.05,1.1377105885847336,0.032785803555629746,-0.03379850888948109,0.9999693357428707,-0.0012702684899401654,-0.007727482897221344,0.0010701865117588704,0.9996654794545469,-0.02584151481123903,0.0077577235574231,0.025832452552417885,0.9996361848794442
1753097899.4827728,8.06,1.1377105885847336,0.032785803555629746,-0.03379850888948109,0.9999693357428707,-0.0012702684899401654,-0.007727482897221344,0.0010701865117588704,0.9996654794545469,-0.02584151481123903,0.0077577235574231,0.025832452552417885,0.9996361848794442
1753097899.6437056,8.02,1.1377105885847336,0.032785803555629746,-0.03379850888948109,0.9999693357428707,-0.0012702684899401654,-0.007727482897221344,0.0010701865117588704,0.9996654794545469,-0.02584151481123903,0.0077577235574231,0.025832452552417885,0.9996361848794442
1753097899.8081605,8.17,1.1377105885847336,0.032785803555629746,-0.03379850888948109,0.9999693357428707,-0.0012702684899401654,-0.007727482897221344,0.0010701865117588704,0.9996654794545469,-0.02584151481123903,0.0077577235574231,0.025832452552417885,0.9996361848794442
1753097899.9765954,8.0,1.1377105885847336,0.032785803555629746,-0.03379850888948109,0.9999693357428707,-0.0012702684899401654,-0.007727482897221344,0.0010701865117588704,0.9996654794545469,-0.02584151481123903,0.0077577235574231,0.025832452552417885,0.9996361848794442
1753097900.1479104,7.61,1.1377105885847336,0.032785803555629746,-0.03379850888948109,0.9999693357428707,-0.0012702684899401654,-0.007727482897221344,0.0010701865117588704,0.9996654794545469,-0.02584151481123903,0.0077577235574231,0.025832452552417885,0.9996361848794442
1753097900.318804,7.64,1.1377105885847336,0.032785803555629746,-0.03379850888948109,0.9999693357428707,-0.0012702684899401654,-0.007727482897221344,0.0010701865117588704,0.9996654794545469,-0.02584151481123903,0.0077577235574231,0.025832452552417885,0.9996361848794442
1753097900.4914453,7.64,1.1377105885847336,0.032785803555629746,-0.03379850888948109,0.9999693357428707,-0.0012702684899401654,-0.007727482897221344,0.0010701865117588704,0.9996654794545469,-0.02584151481123903,0.0077577235574231,0.025832452552417885,0.9996361848794442
1753097900.6612508,7.5,1.1377105885847336,0.032785803555629746,-0.03379850888948109,0.9999693357428707,-0.0012702684899401654,-0.007727482897221344,0.0010701865117588704,0.9996654794545469,-0.02584151481123903,0.0077577235574231,0.025832452552417885,0.9996361848794442
1753097900.78395,7.55,1.1377105885847336,0.032785803555629746,-0.03379850888948109,0.9999693357428707,-0.0012702684899401654,-0.007727482897221344,0.0010701865117588704,0.9996654794545469,-0.02584151481123903,0.0077577235574231,0.025832452552417885,0.9996361848794442
1753097901.025741,11.81,1.1377105885847336,0.032785803555629746,-0.03379850888948109,0.9999693357428707,-0.0012702684899401654,-0.007727482897221344,0.0010701865117588704,0.9996654794545469,-0.02584151481123903,0.0077577235574231,0.025832452552417885,0.9996361848794442
1753097901.2196789,4.88,1.1377105885847336,0.032785803555629746,-0.03379850888948109,0.9999693357428707,-0.0012702684899401654,-0.007727482897221344,0.0010701865117588704,0.9996654794545469,-0.02584151481123903,0.0077577235574231,0.025832452552417885,0.9996361848794442
1753097918.9284952,6.45,1.1377105885847336,0.032785803555629746,-0.03379850888948109,0.9999693357428707,-0.0012702684899401654,-0.007727482897221344,0.0010701865117588704,0.9996654794545469,-0.02584151481123903,0.0077577235574231,0.025832452552417885,0.9996361848794442
1753097919.064929,0.06,1.1377105885847336,0.032785803555629746,-0.03379850888948109,0.9999693357428707,-0.0012702684899401654,-0.007727482897221344,0.0010701865117588704,0.9996654794545469,-0.02584151481123903,0.0077577235574231,0.025832452552417885,0.9996361848794442
1753097919.241452,10.21,1.1377105885847336,0.032785803555629746,-0.03379850888948109,0.9999693357428707,-0.0012702684899401654,-0.007727482897221344,0.0010701865117588704,0.9996654794545469,-0.02584151481123903,0.0077577235574231,0.025832452552417885,0.9996361848794442
1753097919.4142935,7.17,1.1377105885847336,0.032785803555629746,-0.03379850888948109,0.9999693357428707,-0.0012702684899401654,-0.007727482897221344,0.0010701865117588704,0.9996654794545469,-0.02584151481123903,0.0077577235574231,0.025832452552417885,0.9996361848794442
1753097919.585507,7.54,1.1377105885847336,0.032785803555629746,-0.03379850888948109,0.9999693357428707,-0.0012702684899401654,-0.007727482897221344,0.0010701865117588704,0.9996654794545469,-0.02584151481123903,0.0077577235574231,0.025832452552417885,0.9996361848794442
1753097919.7508948,7.76,1.1377105885847336,0.032785803555629746,-0.03379850888948109,0.9999693357428707,-0.0012702684899401654,-0.007727482897221344,0.0010701865117588704,0.9996654794545469,-0.02584151481123903,0.0077577235574231,0.025832452552417885,0.9996361848794442
1753097919.9251788,7.83,1.0883797052030288,0.033625722776027545,-0.025689348062902295,0.999620483881975,0.0018810896421325174,0.027483626131300332,-0.0013318499916312658,0.9997993147814321,-0.019988905377147863,-0.02751571149664874,0.01994471519814288,0.9994223801559052
1753097920.1001022,7.42,1.1381915730190284,0.02936007238150198,-0.026452260904889936,0.9997783289273863,0.0021467889869012328,0.020944791815851828,-0.0017557278977613138,0.9998241289654332,-0.018671597630095602,-0.02098119221380962,0.018630685321717945,0.9996062660556538
1753097920.2773407,7.39,1.1881804899037995,0.029272285985845553,-0.027501320524761404,0.9997783289273865,0.0021467889869001048,0.02094479181584195,-0.0017557278977603273,0.9998241289654332,-0.01867159763009769,-0.020981192213799727,0.018630685321719992,0.9996062660556541
1753097920.4484882,7.35,1.1387877042128767,0.023763368954246484,-0.03297896496457949,0.9991128322980288,0.008968200438686494,0.041147535993095945,-0.007683693385774421,0.999481447249016,-0.031269753132444275,-0.041406632238873475,0.030925846567265807,0.998663648492689
