frame_id,class_name,mean_conf,std_conf
0,person,0.646,0.0
1,person,0.665,0.0
1,chair,0.543,0.0
2,person,0.774,0.0
3,person,0.54,0.0
4,person,0.685,0.0
5,person,0.822,0.0
5,chair,0.672,0.021
6,chair,0.621,0.074
6,person,0.675,0.0
6,dining table,0.519,0.0
7,person,0.81,0.0
7,chair,0.687,0.075
7,dining table,0.556,0.0
8,chair,0.649,0.071
8,person,0.705,0.0
8,dining table,0.616,0.0
9,person,0.805,0.0
9,chair,0.62,0.096
9,dining table,0.603,0.0
10,person,0.856,0.0
10,chair,0.717,0.087
10,dining table,0.782,0.0
11,chair,0.7,0.122
11,dining table,0.805,0.0
11,person,0.776,0.0
12,chair,0.678,0.116
12,person,0.773,0.0
12,dining table,0.689,0.0
13,person,0.847,0.0
13,chair,0.645,0.141
13,dining table,0.67,0.0
14,person,0.889,0.0
14,chair,0.673,0.136
14,dining table,0.638,0.0
15,person,0.84,0.0
15,chair,0.654,0.13
15,dining table,0.689,0.0
16,chair,0.684,0.0
16,person,0.667,0.0
16,dining table,0.643,0.0
19,chair,0.613,0.035
21,dining table,0.618,0.0
22,dining table,0.527,0.0
23,dining table,0.637,0.0
24,dining table,0.761,0.0
24,person,0.742,0.0
24,chair,0.635,0.101
25,person,0.595,0.0
25,chair,0.584,0.0
26,person,0.81,0.0
26,chair,0.798,0.0
26,dining table,0.753,0.0
27,person,0.776,0.0
27,chair,0.654,0.118
27,dining table,0.767,0.0
27,tv,0.563,0.0
28,dining table,0.806,0.0
28,person,0.713,0.0
28,chair,0.705,0.0
29,chair,0.691,0.105
29,person,0.793,0.0
29,dining table,0.754,0.0
30,chair,0.646,0.068
30,person,0.72,0.0
30,dining table,0.698,0.0
31,chair,0.689,0.107
31,person,0.685,0.0
31,dining table,0.685,0.0
32,chair,0.656,0.117
32,person,0.77,0.0
32,dining table,0.707,0.0
33,person,0.8,0.0
33,chair,0.659,0.057
33,dining table,0.531,0.0
34,chair,0.747,0.052
34,person,0.722,0.0
35,person,0.859,0.0
35,chair,0.703,0.04
36,person,0.793,0.0
36,chair,0.687,0.049
37,person,0.845,0.0
37,chair,0.62,0.041
38,person,0.892,0.0
38,chair,0.681,0.039
39,chair,0.591,0.018
40,chair,0.639,0.088
41,chair,0.677,0.104
41,dining table,0.552,0.0
42,chair,0.855,0.0
42,person,0.775,0.0
42,dining table,0.68,0.0
43,chair,0.737,0.118
43,person,0.797,0.0
43,dining table,0.652,0.0
44,person,0.812,0.0
44,chair,0.659,0.106
44,dining table,0.663,0.0
45,chair,0.691,0.103
45,person,0.827,0.0
45,dining table,0.772,0.0
46,chair,0.68,0.088
46,person,0.721,0.0
46,dining table,0.687,0.0
47,person,0.782,0.0
47,chair,0.623,0.0
48,person,0.626,0.0
48,chair,0.546,0.0
49,person,0.766,0.0
50,person,0.558,0.0
51,person,0.763,0.0
51,refrigerator,0.516,0.0
73,person,0.82,0.0
76,person,0.608,0.0
76,chair,0.537,0.0
77,chair,0.626,0.122
78,chair,0.591,0.06
78,person,0.537,0.0
79,bottle,0.666,0.0
79,chair,0.657,0.0
80,bottle,0.549,0.0
81,person,0.512,0.0
83,chair,0.528,0.0
84,person,0.532,0.0
84,chair,0.508,0.0
86,bottle,0.6,0.0
86,chair,0.572,0.0
87,chair,0.581,0.0
88,chair,0.778,0.0
89,chair,0.873,0.0
93,bottle,0.545,0.0
94,chair,0.543,0.0
95,chair,0.638,0.0
96,chair,0.581,0.0
97,chair,0.557,0.0
100,cup,0.572,0.0
101,person,0.595,0.0
105,person,0.748,0.0
106,person,0.842,0.0
106,cup,0.562,0.0
107,person,0.738,0.0
108,person,0.841,0.0
109,person,0.833,0.0
110,person,0.856,0.0
110,cup,0.514,0.0
112,person,0.869,0.0
112,cup,0.501,0.0
113,person,0.828,0.0
114,person,0.859,0.0
115,person,0.868,0.0
116,person,0.857,0.0
117,person,0.827,0.0
118,person,0.73,0.0
118,cup,0.628,0.0
119,person,0.797,0.0
119,mouse,0.736,0.0
120,person,0.865,0.0
120,mouse,0.634,0.0
121,mouse,0.797,0.0
121,person,0.775,0.0
121,bottle,0.549,0.0
122,person,0.857,0.0
122,mouse,0.79,0.0
123,mouse,0.669,0.0
123,person,0.624,0.0
124,person,0.549,0.0
125,person,0.762,0.0
126,person,0.71,0.0
126,cup,0.657,0.0
126,bottle,0.516,0.0
127,person,0.855,0.0
127,cup,0.656,0.0
128,person,0.836,0.0
128,cup,0.598,0.0
129,person,0.84,0.0
129,bottle,0.509,0.0
131,mouse,0.73,0.0
133,mouse,0.788,0.0
134,mouse,0.692,0.0
135,mouse,0.792,0.0
136,mouse,0.909,0.0
137,mouse,0.862,0.0
139,mouse,0.744,0.0
139,keyboard,0.572,0.0
141,mouse,0.613,0.0
142,mouse,0.761,0.0
142,tv,0.516,0.0
143,mouse,0.518,0.0
144,mouse,0.762,0.0
144,scissors,0.617,0.0
145,mouse,0.792,0.0
146,laptop,0.785,0.0
146,mouse,0.637,0.0
147,tv,0.654,0.0
148,laptop,0.571,0.0
149,mouse,0.779,0.0
149,laptop,0.612,0.0
149,tv,0.603,0.0
150,mouse,0.942,0.0
150,laptop,0.531,0.0
151,mouse,0.956,0.0
152,mouse,0.966,0.0
153,mouse,0.948,0.0
153,keyboard,0.526,0.0
154,mouse,0.887,0.0
155,mouse,0.616,0.0
155,tv,0.505,0.0
156,tv,0.538,0.0
157,mouse,0.698,0.0
158,tv,0.674,0.0
159,mouse,0.714,0.0
159,laptop,0.544,0.0
159,tv,0.508,0.0
160,mouse,0.837,0.0
160,laptop,0.517,0.0
161,mouse,0.962,0.0
162,mouse,0.931,0.0
162,tv,0.673,0.0
162,laptop,0.601,0.0
164,mouse,0.844,0.066
164,laptop,0.85,0.0
166,tv,0.507,0.0
167,mouse,0.827,0.0
167,laptop,0.802,0.0
168,mouse,0.948,0.0
168,laptop,0.901,0.0
169,laptop,0.884,0.0
169,mouse,0.862,0.0
170,laptop,0.898,0.0
170,mouse,0.853,0.0
171,laptop,0.869,0.0
171,mouse,0.842,0.0
172,laptop,0.92,0.0
172,mouse,0.91,0.0
173,laptop,0.884,0.0
173,mouse,0.644,0.074
174,mouse,0.868,0.0
174,laptop,0.862,0.0
175,mouse,0.943,0.0
175,laptop,0.797,0.0
176,laptop,0.886,0.0
177,laptop,0.808,0.0
177,tv,0.702,0.0
177,mouse,0.514,0.0
178,laptop,0.666,0.0
178,tv,0.636,0.0
179,laptop,0.708,0.0
179,tv,0.622,0.0
180,tv,0.677,0.0
180,laptop,0.594,0.0
181,tv,0.507,0.0
182,laptop,0.614,0.0
184,laptop,0.736,0.0
185,laptop,0.715,0.0
186,laptop,0.567,0.0
187,laptop,0.842,0.0
188,laptop,0.75,0.0
190,laptop,0.727,0.0
191,laptop,0.751,0.0
192,laptop,0.572,0.0
196,laptop,0.583,0.0
199,laptop,0.873,0.0
200,laptop,0.893,0.0
201,laptop,0.765,0.0
201,mouse,0.693,0.0
202,laptop,0.838,0.0
202,mouse,0.737,0.0
203,laptop,0.856,0.0
203,mouse,0.839,0.0
204,mouse,0.843,0.0
204,laptop,0.79,0.0
205,mouse,0.872,0.0
205,laptop,0.865,0.0
206,mouse,0.873,0.0
206,laptop,0.846,0.0
207,mouse,0.861,0.0
207,laptop,0.834,0.0
208,mouse,0.83,0.0
208,laptop,0.661,0.0
209,mouse,0.883,0.0
209,laptop,0.763,0.0
210,mouse,0.797,0.0
210,laptop,0.787,0.0
211,mouse,0.903,0.0
211,laptop,0.742,0.0
212,mouse,0.884,0.0
212,laptop,0.733,0.0
212,person,0.535,0.0
213,mouse,0.891,0.0
213,laptop,0.803,0.0
214,mouse,0.862,0.0
214,laptop,0.787,0.0
216,laptop,0.861,0.0
217,laptop,0.774,0.0
218,laptop,0.802,0.0
219,laptop,0.812,0.0
220,laptop,0.736,0.0
221,laptop,0.525,0.0
222,laptop,0.646,0.0
223,laptop,0.501,0.0
228,knife,0.556,0.0
229,knife,0.813,0.0
230,cell phone,0.701,0.0
230,knife,0.551,0.0
231,cell phone,0.634,0.0
232,cell phone,0.609,0.0
232,knife,0.601,0.0
233,knife,0.773,0.0
233,cell phone,0.578,0.0
234,cell phone,0.739,0.0
235,cell phone,0.67,0.0
236,cell phone,0.532,0.0
237,cell phone,0.592,0.0
237,knife,0.539,0.0
238,cell phone,0.626,0.0
239,knife,0.656,0.0
240,cell phone,0.616,0.0
240,knife,0.556,0.0
241,knife,0.772,0.0
242,knife,0.597,0.0
243,cell phone,0.695,0.0
243,keyboard,0.662,0.0
244,cell phone,0.757,0.0
244,keyboard,0.524,0.0
245,cell phone,0.695,0.0
245,keyboard,0.627,0.0
246,cell phone,0.545,0.0
246,keyboard,0.542,0.0
247,cell phone,0.75,0.0
250,laptop,0.663,0.0
253,keyboard,0.529,0.0
255,laptop,0.834,0.0
256,laptop,0.757,0.0
256,keyboard,0.587,0.0
257,keyboard,0.727,0.0
257,laptop,0.527,0.0
258,laptop,0.809,0.0
259,laptop,0.834,0.0
260,laptop,0.859,0.0
261,laptop,0.814,0.0
262,laptop,0.869,0.0
264,mouse,0.955,0.0
264,laptop,0.732,0.0
264,keyboard,0.566,0.0
265,mouse,0.955,0.0
265,laptop,0.814,0.0
265,person,0.694,0.0
265,keyboard,0.61,0.0
265,snowboard,0.607,0.0
266,mouse,0.916,0.0
266,laptop,0.578,0.0
267,mouse,0.873,0.0
267,laptop,0.715,0.0
268,mouse,0.909,0.0
268,snowboard,0.69,0.0
268,keyboard,0.683,0.0
268,person,0.674,0.0
269,mouse,0.897,0.0
269,keyboard,0.665,0.15
270,mouse,0.943,0.0
270,keyboard,0.814,0.0
270,laptop,0.626,0.0
271,mouse,0.923,0.0
271,keyboard,0.722,0.0
272,mouse,0.944,0.0
272,keyboard,0.872,0.0
272,chair,0.592,0.0
272,laptop,0.509,0.0
273,mouse,0.951,0.0
273,keyboard,0.743,0.0
274,mouse,0.918,0.0
274,keyboard,0.806,0.0
274,chair,0.632,0.0
275,mouse,0.968,0.0
275,keyboard,0.671,0.0
276,mouse,0.937,0.0
276,keyboard,0.692,0.0
277,mouse,0.954,0.0
278,mouse,0.948,0.0
279,mouse,0.983,0.0
280,mouse,0.736,0.0
281,mouse,0.962,0.0
281,laptop,0.607,0.0
282,laptop,0.676,0.017
282,mouse,0.629,0.0
283,laptop,0.744,0.0
283,mouse,0.662,0.0
284,laptop,0.637,0.093
286,person,0.862,0.0
286,mouse,0.773,0.0
286,laptop,0.563,0.002
287,cell phone,0.915,0.0
287,mouse,0.899,0.0
287,person,0.747,0.0
288,cell phone,0.921,0.0
288,mouse,0.916,0.0
288,person,0.716,0.0
289,mouse,0.921,0.0
289,cell phone,0.875,0.0
289,person,0.658,0.0
290,mouse,0.909,0.0
290,cell phone,0.899,0.0
290,person,0.788,0.0
291,cell phone,0.892,0.0
291,mouse,0.832,0.0
291,person,0.743,0.0
292,mouse,0.94,0.0
292,cell phone,0.848,0.0
292,keyboard,0.58,0.0
293,mouse,0.856,0.0
293,cell phone,0.778,0.0
293,keyboard,0.634,0.0
294,mouse,0.939,0.0
294,cell phone,0.751,0.0
294,person,0.576,0.0
294,keyboard,0.533,0.0
295,mouse,0.95,0.0
295,cell phone,0.919,0.0
295,person,0.618,0.0
295,keyboard,0.511,0.0
296,mouse,0.922,0.0
296,cell phone,0.817,0.0
296,keyboard,0.671,0.0
296,person,0.519,0.0
296,cup,0.507,0.0
297,mouse,0.931,0.0
297,cell phone,0.804,0.0
297,keyboard,0.634,0.0
297,person,0.599,0.0
298,cell phone,0.928,0.0
298,mouse,0.926,0.0
298,person,0.667,0.0
299,mouse,0.941,0.0
299,cell phone,0.845,0.0
299,person,0.641,0.0
299,keyboard,0.64,0.0
299,remote,0.532,0.0
300,person,0.836,0.0
300,mouse,0.823,0.0
300,remote,0.809,0.0
300,cup,0.632,0.0
300,keyboard,0.55,0.0
300,laptop,0.525,0.0
301,remote,0.899,0.0
301,mouse,0.815,0.0
301,person,0.731,0.0
301,keyboard,0.664,0.0
301,cup,0.637,0.0
301,laptop,0.559,0.0
302,mouse,0.854,0.0
302,cup,0.839,0.0
302,remote,0.807,0.0
302,person,0.672,0.0
302,keyboard,0.671,0.0
303,mouse,0.877,0.0
303,remote,0.858,0.0
303,person,0.609,0.0
303,laptop,0.532,0.0
304,mouse,0.866,0.0
304,remote,0.723,0.0
304,laptop,0.617,0.0
304,person,0.554,0.0
304,keyboard,0.522,0.0
305,mouse,0.85,0.0
305,remote,0.738,0.0
305,laptop,0.63,0.026
305,keyboard,0.596,0.0
305,person,0.556,0.0
306,mouse,0.877,0.0
306,remote,0.809,0.0
306,laptop,0.767,0.0
306,keyboard,0.712,0.0
306,person,0.687,0.0
307,cell phone,0.949,0.0
307,mouse,0.776,0.0
307,person,0.616,0.0
307,keyboard,0.596,0.0
307,laptop,0.571,0.0
308,mouse,0.925,0.0
308,cell phone,0.83,0.0
308,keyboard,0.656,0.0
308,laptop,0.579,0.0
309,cell phone,0.921,0.0
309,mouse,0.869,0.0
309,person,0.56,0.0
309,keyboard,0.551,0.0
310,cell phone,0.936,0.0
310,mouse,0.888,0.0
310,person,0.658,0.0
310,keyboard,0.552,0.0
311,cell phone,0.949,0.0
311,mouse,0.888,0.0
311,person,0.616,0.0
311,keyboard,0.587,0.0
312,mouse,0.848,0.0
312,remote,0.829,0.0
312,cell phone,0.745,0.0
312,person,0.667,0.0
312,keyboard,0.608,0.0
313,cell phone,0.862,0.0
313,mouse,0.843,0.0
313,remote,0.667,0.0
313,person,0.636,0.0
313,laptop,0.585,0.0
313,keyboard,0.532,0.0
314,cell phone,0.85,0.0
314,mouse,0.819,0.0
314,laptop,0.567,0.0
315,mouse,0.867,0.0
315,cell phone,0.792,0.0
315,remote,0.693,0.0
315,laptop,0.577,0.0
316,mouse,0.891,0.0
316,remote,0.773,0.0
316,laptop,0.726,0.0
316,cell phone,0.707,0.0
317,mouse,0.842,0.0
317,cell phone,0.826,0.0
317,remote,0.75,0.0
317,laptop,0.546,0.022
318,cell phone,0.921,0.0
318,mouse,0.858,0.0
318,laptop,0.652,0.105
319,mouse,0.863,0.0
319,laptop,0.657,0.032
319,cell phone,0.676,0.0
320,cell phone,0.915,0.0
320,mouse,0.902,0.0
321,cell phone,0.84,0.0
321,mouse,0.797,0.0
321,laptop,0.542,0.0
322,cell phone,0.917,0.0
322,mouse,0.789,0.0
322,person,0.502,0.0
323,cell phone,0.916,0.0
323,mouse,0.86,0.0
323,person,0.647,0.0
323,keyboard,0.56,0.0
324,cell phone,0.92,0.0
324,mouse,0.904,0.0
324,cup,0.895,0.0
324,laptop,0.583,0.0
324,person,0.571,0.0
325,cell phone,0.9,0.0
325,cup,0.862,0.0
325,mouse,0.842,0.0
325,keyboard,0.764,0.0
325,person,0.555,0.0
326,cell phone,0.933,0.0
326,mouse,0.82,0.0
326,keyboard,0.737,0.0
326,person,0.671,0.0
326,laptop,0.515,0.0
327,mouse,0.82,0.0
328,mouse,0.827,0.0
328,keyboard,0.683,0.0
336,chair,0.739,0.0
337,cell phone,0.801,0.0
338,chair,0.71,0.087
338,tv,0.693,0.0
339,chair,0.749,0.027
339,tv,0.6,0.0
340,chair,0.816,0.002
340,tv,0.579,0.0
341,chair,0.661,0.105
342,chair,0.665,0.0
343,chair,0.607,0.0
344,chair,0.658,0.017
346,person,0.736,0.0
346,chair,0.724,0.009
347,person,0.783,0.0
347,chair,0.679,0.0
349,person,0.743,0.0
349,chair,0.605,0.0
350,person,0.893,0.0
350,chair,0.632,0.0
351,chair,0.785,0.0
351,person,0.505,0.0
352,chair,0.812,0.0
352,person,0.65,0.0
353,chair,0.8,0.0
353,person,0.786,0.0
354,person,0.881,0.0
354,chair,0.76,0.0
355,person,0.721,0.0
355,chair,0.563,0.0
356,chair,0.795,0.0
356,person,0.512,0.0
357,person,0.744,0.0
357,chair,0.731,0.0
358,person,0.633,0.0
360,chair,0.557,0.0
360,tv,0.542,0.0
361,dining table,0.638,0.0
361,tv,0.633,0.0
362,tv,0.752,0.0
362,chair,0.595,0.024
363,tv,0.752,0.0
363,chair,0.685,0.023
363,dining table,0.507,0.0
